USE tixie_db;

insert into priority (id, name) values (1, 'low');
insert into priority (id, name) values (2, 'medium');
insert into priority (id, name) values (3, 'high');
insert into priority (id, name) values (4, 'urgent');


insert into roles (id, role) values (1, 'admin');
insert into roles (id, role) values (2, 'manager');
insert into roles (id, role) values (3, 'tech');
insert into roles (id, role) values (4, 'employee');
insert into roles (id, role) values (5, 'user');


insert into specialization (id, name) values (1, 'carpenter');
insert into specialization (id, name) values (2, 'electrical');
insert into specialization (id, name) values (3, 'plumbing');
insert into specialization (id, name) values (4, 'hvac');
insert into specialization (id, name) values (5, 'custodian');
insert into specialization (id, name) values (6, 'biohazard');
insert into specialization (id, name) values (7, 'none');


insert into status (id, status) values (1, 'open');
insert into status (id, status) values (2, 'in progress');
insert into status (id, status) values (3, 'complete');


insert into user (id, first_name, last_name, email, password, username, profile_image, specialization_id, role_id) values (1, 'Fifine', 'Bilton', 'fbilton1@opera.com', 'VdXnZ7c7BCW', 'fbilton1', 'https://randomuser.me/api/portraits/men/1.jpg', 1, 2);
insert into user (id, first_name, last_name, email, password, username, profile_image, specialization_id, role_id) values (2, 'Fifaine', 'Biltaon', 'fbiaalton1@opera.com', 'VdXnZ7c7BCW', 'fbilton2', 'https://randomuser.me/api/portraits/men/2.jpg', 2, 2);
insert into user (id, first_name, last_name, email, password, username, profile_image, specialization_id, role_id) values (3, 'Nadiya', 'Knowles', 'nknowles2@hibu.com', 'rVIwkF9Nji', 'nknowles2', 'https://randomuser.me/api/portraits/men/3.jpg', 3,2);
insert into user (id, first_name, last_name, email, password, username, profile_image, specialization_id, role_id) values (4, 'Hattie', 'Cahill', 'hcahill3@about.me', '5kk0RiL09', 'hcahill3', 'https://randomuser.me/api/portraits/men/4.jpg', 4,2);
insert into user (id, first_name, last_name, email, password, username, profile_image, specialization_id, role_id) values (5, 'Blanche', 'Cluatt', 'bcluatt4@ox.ac.uk', '5ydmV4', 'bcluatt4', 'https://randomuser.me/api/portraits/men/5.jpg', 5,2);
insert into user (id, first_name, last_name, email, password, username, profile_image, specialization_id, role_id) values (6, 'Grier', 'Kidd', 'gkidd5@google.ca', '4Yi2yCIJlnAr', 'gkidd5', 'https://randomuser.me/api/portraits/men/6.jpg', 6,2);
insert into user (id, first_name, last_name, email, password, username, profile_image, specialization_id, role_id) values (7, 'Verena', 'Haggerston', 'vhaggerston6@yahoo.co.jp', 'Pc45rVMMg0M2', 'vhaggerston6', 'https://randomuser.me/api/portraits/men/7.jpg', 5,3);
insert into user (id, first_name, last_name, email, password, username, profile_image, specialization_id, role_id) values (8, 'Tuck', 'Lettington', 'tlettington7@123-reg.co.uk', '5uwCPC9YfPbQ', 'tlettington7', 'https://randomuser.me/api/portraits/men/8.jpg', 4,3);
insert into user (id, first_name, last_name, email, password, username, profile_image, specialization_id, role_id) values (9, 'Reinhard', 'Clausson', 'rclausson8@networksolutions.com', 'AG3pwL5nuSM', 'rclausson8', 'https://randomuser.me/api/portraits/men/9.jpg', 4,3);
insert into user (id, first_name, last_name, email, password, username, profile_image, specialization_id, role_id) values (10, 'Melonie', 'Bushill', 'mbushill9@paypal.com', 'Zs3Ljk', 'mbushill9', 'https://randomuser.me/api/portraits/men/10.jpg', 5,3);
insert into user (id, first_name, last_name, email, password, username, profile_image, specialization_id, role_id) values (11, 'Kimberlyn', 'Barlow', 'kbarlowa@artisteer.com', 'zzurLshfv5lp', 'kbarlowa', 'https://randomuser.me/api/portraits/men/11.jpg', 2,3);
insert into user (id, first_name, last_name, email, password, username, profile_image, specialization_id, role_id) values (12, 'Mollee', 'O''Shirine', 'moshirineb@mozilla.org', 'kgMoO8iN', 'moshirineb', 'https://randomuser.me/api/portraits/men/12.jpg', 5,4);
insert into user (id, first_name, last_name, email, password, username, profile_image, specialization_id, role_id) values (13, 'Wolfgang', 'Scouller', 'wscoullerc@exblog.jp', 'mOrW2FVj', 'wscoullerc', 'https://randomuser.me/api/portraits/men/13.jpg', 1,4);
insert into user (id, first_name, last_name, email, password, username, profile_image, specialization_id, role_id) values (14, 'Tally', 'Morit', 'tmoritd@archive.org', 'Zbpcf4DZs69p', 'tmoritd', 'https://randomuser.me/api/portraits/men/14.jpg', 4,4);
insert into user (id, first_name, last_name, email, password, username, profile_image, specialization_id, role_id) values (15, 'Zita', 'Rasp', 'zraspe@nih.gov', 'xp0b7PQ', 'zraspe', 'https://randomuser.me/api/portraits/men/15.jpg', 1,4);
insert into user (id, first_name, last_name, email, password, username, profile_image, specialization_id, role_id) values (16, 'Carly', 'Vokins', 'cvokinsf@ebay.com', 'KbzHc9jF8lBe', 'cvokinsf', 'https://randomuser.me/api/portraits/men/16.jpg', 2,4);
insert into user (id, first_name, last_name, email, password, username, profile_image, specialization_id, role_id) values (17, 'Harris', 'Stiger', 'hstigerg@wp.com', 'z3dfYEsV3', 'hstigerg', 'https://randomuser.me/api/portraits/men/17.jpg', 3,4);
insert into user (id, first_name, last_name, email, password, username, profile_image, specialization_id, role_id) values (18, 'Stavro', 'Kevlin', 'skevlinh@reddit.com', 'tgsyIAhgM', 'skevlinh', 'https://randomuser.me/api/portraits/men/18.jpg', 3,4);
insert into user (id, first_name, last_name, email, password, username, profile_image, specialization_id, role_id) values (19, 'Jim', 'Pes', 'jpesi@phpbb.com', 'kn1AjVCttol', 'jpesi', 'https://randomuser.me/api/portraits/men/19.jpg', 5,4);
insert into user (id, first_name, last_name, email, password, username, profile_image, specialization_id, role_id) values (20, 'Goldarina', 'Rapps', 'grappsj@archive.org', 'fvLadaIsmwEe', 'grappsj', 'https://randomuser.me/api/portraits/men/20.jpg', 6,4);


insert into tickets (id, biohazard, comp_date, img_url, issue_date, location_1, location_2, author_id, owner_id, priority_id, specialization_id, status_id, issue_details) values (1, 0, '2019-07-18 03:44:12', 'http://dummyimage.com/144x230.jpg/ff4444/ffffff', '2019-07-13 23:27:48', 'Wing D', 'Room 4', 10, 15, 2, 6, 3, 'Phasellus sit amet erat. Nulla tempus. Vivamus in felis eu sapien cursus vestibulum. Proin eu mi. Nulla ac enim.');
insert into tickets (id, biohazard, comp_date, img_url, issue_date, location_1, location_2, author_id, owner_id, priority_id, specialization_id, status_id, issue_details) values (2, 0, '2019-07-22 07:38:29', null, '2019-07-06 20:56:47', 'Wing A', 'Room 5', 5, 1, 4, 6, 1, 'Vestibulum quam sapien, varius ut, blandit non, interdum in, ante. Vestibulum ante ipsum primis in faucibus orci luctus et ultrices posuere cubilia Curae; Duis faucibus accumsan odio. Curabitur convallis.');
insert into tickets (id, biohazard, comp_date, img_url, issue_date, location_1, location_2, author_id, owner_id, priority_id, specialization_id, status_id, issue_details) values (3, 1, '2019-07-22 20:04:04', 'http://dummyimage.com/111x166.jpg/5fa2dd/ffffff', '2019-07-03 15:22:58', 'Wing B', 'Room 3', 13, 13, 4, 4, 2, 'Vivamus in felis eu sapien cursus vestibulum. Proin eu mi. Nulla ac enim.');
insert into tickets (id, biohazard, comp_date, img_url, issue_date, location_1, location_2, author_id, owner_id, priority_id, specialization_id, status_id, issue_details) values (4, 1, null, 'http://dummyimage.com/135x170.jpg/5fa2dd/ffffff', '2019-06-25 19:53:17', 'Wing B', 'Room 2', 14, 18, 2, 2, 3, 'Aliquam augue quam, sollicitudin vitae, consectetuer eget, rutrum at, lorem. Integer tincidunt ante vel ipsum. Praesent blandit lacinia erat. Vestibulum sed magna at nunc commodo placerat.');
insert into tickets (id, biohazard, comp_date, img_url, issue_date, location_1, location_2, author_id, owner_id, priority_id, specialization_id, status_id, issue_details) values (5, 0, '2019-07-13 19:48:22', 'http://dummyimage.com/191x145.jpg/5fa2dd/ffffff', '2019-07-13 20:10:31', 'Wing A', 'Room 5', 3, 9, 4, 2, 1, 'Integer pede justo, lacinia eget, tincidunt eget, tempus vel, pede. Morbi porttitor lorem id ligula. Suspendisse ornare consequat lectus. In est risus, auctor sed, tristique in, tempus sit amet, sem. Fusce consequat.');
insert into tickets (id, biohazard, comp_date, img_url, issue_date, location_1, location_2, author_id, owner_id, priority_id, specialization_id, status_id, issue_details) values (6, 1, '2019-07-12 00:44:27', 'http://dummyimage.com/163x247.jpg/5fa2dd/ffffff', '2019-07-05 16:00:15', 'Wing D', 'Room 2', 13, 7, 3, 5, 3, 'Duis aliquam convallis nunc. Proin at turpis a pede posuere nonummy. Integer non velit. Donec diam neque, vestibulum eget, vulputate ut, ultrices vel, augue. Vestibulum ante ipsum primis in faucibus orci luctus et ultrices posuere cubilia Curae; Donec pharetra, magna vestibulum aliquet ultrices, erat tortor sollicitudin mi, sit amet lobortis sapien sapien non mi.');
insert into tickets (id, biohazard, comp_date, img_url, issue_date, location_1, location_2, author_id, owner_id, priority_id, specialization_id, status_id, issue_details) values (7, 1, '2019-07-02 08:55:17', null, '2019-07-19 17:20:47', 'Wing A', 'Room 3', 11, 19, 1, 1, 3, 'Suspendisse potenti. In eleifend quam a odio. In hac habitasse platea dictumst. Maecenas ut massa quis augue luctus tincidunt. Nulla mollis molestie lorem.');
insert into tickets (id, biohazard, comp_date, img_url, issue_date, location_1, location_2, author_id, owner_id, priority_id, specialization_id, status_id, issue_details) values (8, 1, '2019-07-07 14:44:56', null, '2019-07-09 19:29:02', 'Wing C', 'Room 3', 14, 3, 3, 2, 2, 'Praesent blandit lacinia erat.');
insert into tickets (id, biohazard, comp_date, img_url, issue_date, location_1, location_2, author_id, owner_id, priority_id, specialization_id, status_id, issue_details) values (9, 0, null, null, '2019-07-05 02:08:35', 'Wing B', 'Room 3', 3, 17, 4, 1, 1, 'Aenean sit amet justo. Morbi ut odio. Cras mi pede, malesuada in, imperdiet et, commodo vulputate, justo.');
insert into tickets (id, biohazard, comp_date, img_url, issue_date, location_1, location_2, author_id, owner_id, priority_id, specialization_id, status_id, issue_details) values (10, 1, null, null, '2019-07-07 17:18:19', 'Wing D', 'Room 4', 6, 4, 3, 6, 3, 'Nam nulla.');
insert into tickets (id, biohazard, comp_date, img_url, issue_date, location_1, location_2, author_id, owner_id, priority_id, specialization_id, status_id, issue_details) values (11, 1, '2019-06-29 17:07:25', null, '2019-07-16 18:58:20', 'Wing A', 'Room 2', 5, 5, 3, 6, 2, 'Praesent id massa id nisl venenatis lacinia. Aenean sit amet justo. Morbi ut odio. Cras mi pede, malesuada in, imperdiet et, commodo vulputate, justo.');
insert into tickets (id, biohazard, comp_date, img_url, issue_date, location_1, location_2, author_id, owner_id, priority_id, specialization_id, status_id, issue_details) values (12, 0, '2019-07-05 15:07:34', null, '2019-06-25 13:26:07', 'Wing B', 'Room 3', 16, 20, 1, 2, 3, 'Morbi odio odio, elementum eu, interdum eu, tincidunt in, leo. Maecenas pulvinar lobortis est. Phasellus sit amet erat. Nulla tempus.');
insert into tickets (id, biohazard, comp_date, img_url, issue_date, location_1, location_2, author_id, owner_id, priority_id, specialization_id, status_id, issue_details) values (13, 1, '2019-07-01 18:25:24', null, '2019-07-08 03:48:40', 'Wing A', 'Room 6', 16, 9, 4, 3, 1, 'Maecenas leo odio, condimentum id, luctus nec, molestie sed, justo. Pellentesque viverra pede ac diam. Cras pellentesque volutpat dui. Maecenas tristique, est et tempus semper, est quam pharetra magna, ac consequat metus sapien ut nunc.');
insert into tickets (id, biohazard, comp_date, img_url, issue_date, location_1, location_2, author_id, owner_id, priority_id, specialization_id, status_id, issue_details) values (14, 0, '2019-07-12 05:36:07', null, '2019-07-02 08:03:25', 'Wing D', 'Room 6', 20, 11, 2, 3, 2, 'Nulla ut erat id mauris vulputate elementum. Nullam varius. Nulla facilisi.');
insert into tickets (id, biohazard, comp_date, img_url, issue_date, location_1, location_2, author_id, owner_id, priority_id, specialization_id, status_id, issue_details) values (15, 0, '2019-06-25 11:21:13', 'http://dummyimage.com/144x207.jpg/dddddd/000000', '2019-07-07 13:13:50', 'Wing A', 'Room 4', 5, 17, 4, 3, 1, 'Morbi odio odio, elementum eu, interdum eu, tincidunt in, leo. Maecenas pulvinar lobortis est. Phasellus sit amet erat. Nulla tempus.');
insert into tickets (id, biohazard, comp_date, img_url, issue_date, location_1, location_2, author_id, owner_id, priority_id, specialization_id, status_id, issue_details) values (16, 1, '2019-07-04 04:50:38', null, '2019-07-03 10:04:31', 'Wing D', 'Room 5', 8, 7, 2, 4, 2, 'Cras mi pede, malesuada in, imperdiet et, commodo vulputate, justo. In blandit ultrices enim. Lorem ipsum dolor sit amet, consectetuer adipiscing elit. Proin interdum mauris non ligula pellentesque ultrices. Phasellus id sapien in sapien iaculis congue.');
insert into tickets (id, biohazard, comp_date, img_url, issue_date, location_1, location_2, author_id, owner_id, priority_id, specialization_id, status_id, issue_details) values (17, 1, null, 'http://dummyimage.com/148x172.jpg/dddddd/000000', '2019-07-03 20:43:12', 'Wing B', 'Room 2', 5, 3, 1, 5, 3, 'Integer ac neque. Duis bibendum. Morbi non quam nec dui luctus rutrum.');
insert into tickets (id, biohazard, comp_date, img_url, issue_date, location_1, location_2, author_id, owner_id, priority_id, specialization_id, status_id, issue_details) values (18, 1, '2019-07-12 09:17:42', null, '2019-07-11 05:50:08', 'Wing C', 'Room 6', 11, 2, 1, 3, 3, 'Nullam porttitor lacus at turpis. Donec posuere metus vitae ipsum. Aliquam non mauris.');
insert into tickets (id, biohazard, comp_date, img_url, issue_date, location_1, location_2, author_id, owner_id, priority_id, specialization_id, status_id, issue_details) values (19, 0, '2019-06-24 16:34:59', 'http://dummyimage.com/244x122.jpg/dddddd/000000', '2019-07-11 14:57:29', 'Wing A', 'Room 6', 17, 2, 4, 5, 1, 'Duis bibendum. Morbi non quam nec dui luctus rutrum. Nulla tellus. In sagittis dui vel nisl. Duis ac nibh.');
insert into tickets (id, biohazard, comp_date, img_url, issue_date, location_1, location_2, author_id, owner_id, priority_id, specialization_id, status_id, issue_details) values (20, 0, '2019-07-04 21:51:32', 'http://dummyimage.com/135x101.jpg/dddddd/000000', '2019-07-01 03:42:59', 'Wing D', 'Room 1', 18, 10, 2, 6, 3, 'Vivamus tortor. Duis mattis egestas metus. Aenean fermentum.');
insert into tickets (id, biohazard, comp_date, img_url, issue_date, location_1, location_2, author_id, owner_id, priority_id, specialization_id, status_id, issue_details) values (21, 1, '2019-07-03 20:30:54', null, '2019-07-15 19:05:34', 'Wing D', 'Room 1', 9, 1, 2, 1, 3, 'Maecenas rhoncus aliquam lacus.');
insert into tickets (id, biohazard, comp_date, img_url, issue_date, location_1, location_2, author_id, owner_id, priority_id, specialization_id, status_id, issue_details) values (22, 1, '2019-07-10 03:14:44', null, '2019-06-26 19:22:04', 'Wing B', 'Room 2', 15, 19, 1, 2, 2, 'In congue. Etiam justo. Etiam pretium iaculis justo. In hac habitasse platea dictumst. Etiam faucibus cursus urna.');
insert into tickets (id, biohazard, comp_date, img_url, issue_date, location_1, location_2, author_id, owner_id, priority_id, specialization_id, status_id, issue_details) values (23, 1, '2019-07-20 09:01:07', null, '2019-06-30 17:24:51', 'Wing D', 'Room 2', 1, 4, 3, 1, 2, 'In hac habitasse platea dictumst. Etiam faucibus cursus urna.');
insert into tickets (id, biohazard, comp_date, img_url, issue_date, location_1, location_2, author_id, owner_id, priority_id, specialization_id, status_id, issue_details) values (24, 0, '2019-07-12 01:43:06', null, '2019-07-14 11:21:08', 'Wing C', 'Room 6', 6, 13, 4, 5, 2, 'Praesent blandit lacinia erat.');
insert into tickets (id, biohazard, comp_date, img_url, issue_date, location_1, location_2, author_id, owner_id, priority_id, specialization_id, status_id, issue_details) values (25, 0, '2019-07-13 11:39:54', null, '2019-07-10 18:31:09', 'Wing B', 'Room 4', 13, 4, 3, 5, 1, 'Maecenas rhoncus aliquam lacus. Morbi quis tortor id nulla ultrices aliquet. Maecenas leo odio, condimentum id, luctus nec, molestie sed, justo. Pellentesque viverra pede ac diam.');
insert into tickets (id, biohazard, comp_date, img_url, issue_date, location_1, location_2, author_id, owner_id, priority_id, specialization_id, status_id, issue_details) values (26, 1, '2019-07-10 03:32:57', 'http://dummyimage.com/138x192.jpg/cc0000/ffffff', '2019-06-30 13:53:05', 'Wing A', 'Room 4', 14, 11, 3, 2, 2, 'Curabitur at ipsum ac tellus semper interdum. Mauris ullamcorper purus sit amet nulla. Quisque arcu libero, rutrum ac, lobortis vel, dapibus at, diam. Nam tristique tortor eu pede.');
insert into tickets (id, biohazard, comp_date, img_url, issue_date, location_1, location_2, author_id, owner_id, priority_id, specialization_id, status_id, issue_details) values (27, 0, '2019-07-04 16:08:48', null, '2019-07-22 23:57:26', 'Wing D', 'Room 6', 6, 6, 3, 5, 3, 'Nullam porttitor lacus at turpis. Donec posuere metus vitae ipsum. Aliquam non mauris.');
insert into tickets (id, biohazard, comp_date, img_url, issue_date, location_1, location_2, author_id, owner_id, priority_id, specialization_id, status_id, issue_details) values (28, 1, null, null, '2019-07-03 11:07:29', 'Wing B', 'Room 4', 12, 5, 3, 2, 3, 'Nunc rhoncus dui vel sem. Sed sagittis. Nam congue, risus semper porta volutpat, quam pede lobortis ligula, sit amet eleifend pede libero quis orci.');
insert into tickets (id, biohazard, comp_date, img_url, issue_date, location_1, location_2, author_id, owner_id, priority_id, specialization_id, status_id, issue_details) values (29, 0, '2019-07-01 19:58:08', null, '2019-07-03 12:57:06', 'Wing A', 'Room 6', 18, 13, 3, 3, 3, 'Sed accumsan felis. Ut at dolor quis odio consequat varius.');
insert into tickets (id, biohazard, comp_date, img_url, issue_date, location_1, location_2, author_id, owner_id, priority_id, specialization_id, status_id, issue_details) values (30, 1, '2019-07-13 20:33:29', 'http://dummyimage.com/110x187.jpg/5fa2dd/ffffff', '2019-07-12 10:46:48', 'Wing B', 'Room 1', 2, 1, 3, 3, 3, 'Praesent blandit lacinia erat. Vestibulum sed magna at nunc commodo placerat. Praesent blandit. Nam nulla.');
insert into tickets (id, biohazard, comp_date, img_url, issue_date, location_1, location_2, author_id, owner_id, priority_id, specialization_id, status_id, issue_details) values (31, 0, '2019-07-16 02:11:06', null, '2019-06-26 14:12:55', 'Wing D', 'Room 6', 7, 16, 2, 3, 3, 'Fusce congue, diam id ornare imperdiet, sapien urna pretium nisl, ut volutpat sapien arcu sed augue. Aliquam erat volutpat. In congue. Etiam justo.');
insert into tickets (id, biohazard, comp_date, img_url, issue_date, location_1, location_2, author_id, owner_id, priority_id, specialization_id, status_id, issue_details) values (32, 1, '2019-07-22 03:18:52', 'http://dummyimage.com/192x138.jpg/ff4444/ffffff', '2019-07-07 21:52:44', 'Wing B', 'Room 2', 12, 6, 4, 2, 2, 'Duis mattis egestas metus. Aenean fermentum. Donec ut mauris eget massa tempor convallis. Nulla neque libero, convallis eget, eleifend luctus, ultricies eu, nibh. Quisque id justo sit amet sapien dignissim vestibulum.');
insert into tickets (id, biohazard, comp_date, img_url, issue_date, location_1, location_2, author_id, owner_id, priority_id, specialization_id, status_id, issue_details) values (33, 0, '2019-07-01 19:52:18', null, '2019-07-17 08:31:27', 'Wing B', 'Room 5', 18, 10, 3, 5, 2, 'Duis mattis egestas metus. Aenean fermentum. Donec ut mauris eget massa tempor convallis.');
insert into tickets (id, biohazard, comp_date, img_url, issue_date, location_1, location_2, author_id, owner_id, priority_id, specialization_id, status_id, issue_details) values (34, 0, null, null, '2019-07-11 04:05:31', 'Wing B', 'Room 3', 2, 6, 3, 4, 2, 'Duis ac nibh.');
insert into tickets (id, biohazard, comp_date, img_url, issue_date, location_1, location_2, author_id, owner_id, priority_id, specialization_id, status_id, issue_details) values (35, 1, '2019-07-01 09:49:06', null, '2019-07-10 09:54:49', 'Wing A', 'Room 1', 4, 11, 3, 1, 2, 'Nunc nisl. Duis bibendum, felis sed interdum venenatis, turpis enim blandit mi, in porttitor pede justo eu massa. Donec dapibus. Duis at velit eu est congue elementum. In hac habitasse platea dictumst.');
insert into tickets (id, biohazard, comp_date, img_url, issue_date, location_1, location_2, author_id, owner_id, priority_id, specialization_id, status_id, issue_details) values (36, 1, '2019-07-11 11:04:34', null, '2019-07-13 17:43:51', 'Wing B', 'Room 4', 13, 20, 1, 6, 1, 'In sagittis dui vel nisl.');
insert into tickets (id, biohazard, comp_date, img_url, issue_date, location_1, location_2, author_id, owner_id, priority_id, specialization_id, status_id, issue_details) values (37, 0, '2019-07-22 08:04:10', 'http://dummyimage.com/206x172.jpg/cc0000/ffffff', '2019-07-12 23:39:00', 'Wing B', 'Room 2', 15, 16, 4, 5, 1, 'Donec semper sapien a libero. Nam dui.');
insert into tickets (id, biohazard, comp_date, img_url, issue_date, location_1, location_2, author_id, owner_id, priority_id, specialization_id, status_id, issue_details) values (38, 1, '2019-07-02 08:41:22', null, '2019-07-22 17:12:44', 'Wing D', 'Room 6', 6, 13, 2, 4, 1, 'Lorem ipsum dolor sit amet, consectetuer adipiscing elit. Proin risus.');
insert into tickets (id, biohazard, comp_date, img_url, issue_date, location_1, location_2, author_id, owner_id, priority_id, specialization_id, status_id, issue_details) values (39, 0, '2019-07-22 01:47:21', null, '2019-07-16 11:58:22', 'Wing A', 'Room 6', 19, 15, 3, 5, 2, 'Morbi non quam nec dui luctus rutrum. Nulla tellus. In sagittis dui vel nisl.');
insert into tickets (id, biohazard, comp_date, img_url, issue_date, location_1, location_2, author_id, owner_id, priority_id, specialization_id, status_id, issue_details) values (40, 0, '2019-07-17 14:16:31', null, '2019-07-04 14:06:36', 'Wing C', 'Room 3', 3, 12, 3, 3, 1, 'Nunc nisl.');
insert into tickets (id, biohazard, comp_date, img_url, issue_date, location_1, location_2, author_id, owner_id, priority_id, specialization_id, status_id, issue_details) values (41, 1, null, null, '2019-07-21 14:26:09', 'Wing D', 'Room 2', 19, 19, 2, 5, 2, 'In hac habitasse platea dictumst. Morbi vestibulum, velit id pretium iaculis, diam erat fermentum justo, nec condimentum neque sapien placerat ante. Nulla justo. Aliquam quis turpis eget elit sodales scelerisque. Mauris sit amet eros.');
insert into tickets (id, biohazard, comp_date, img_url, issue_date, location_1, location_2, author_id, owner_id, priority_id, specialization_id, status_id, issue_details) values (42, 1, '2019-07-05 12:49:50', 'http://dummyimage.com/191x249.jpg/5fa2dd/ffffff', '2019-07-04 12:22:31', 'Wing D', 'Room 3', 16, 17, 1, 4, 1, 'Curabitur convallis. Duis consequat dui nec nisi volutpat eleifend. Donec ut dolor.');
insert into tickets (id, biohazard, comp_date, img_url, issue_date, location_1, location_2, author_id, owner_id, priority_id, specialization_id, status_id, issue_details) values (43, 1, '2019-07-02 21:41:27', null, '2019-06-29 17:19:20', 'Wing D', 'Room 6', 2, 16, 1, 1, 2, 'Nunc rhoncus dui vel sem. Sed sagittis. Nam congue, risus semper porta volutpat, quam pede lobortis ligula, sit amet eleifend pede libero quis orci. Nullam molestie nibh in lectus. Pellentesque at nulla.');
insert into tickets (id, biohazard, comp_date, img_url, issue_date, location_1, location_2, author_id, owner_id, priority_id, specialization_id, status_id, issue_details) values (44, 0, '2019-07-02 20:15:30', 'http://dummyimage.com/161x108.jpg/5fa2dd/ffffff', '2019-07-15 13:35:47', 'Wing C', 'Room 6', 19, 10, 4, 3, 2, 'Proin leo odio, porttitor id, consequat in, consequat ut, nulla. Sed accumsan felis. Ut at dolor quis odio consequat varius. Integer ac leo.');
insert into tickets (id, biohazard, comp_date, img_url, issue_date, location_1, location_2, author_id, owner_id, priority_id, specialization_id, status_id, issue_details) values (45, 1, '2019-07-02 21:00:33', null, '2019-07-02 05:13:58', 'Wing D', 'Room 6', 20, 5, 1, 2, 1, 'Donec posuere metus vitae ipsum. Aliquam non mauris. Morbi non lectus.');
insert into tickets (id, biohazard, comp_date, img_url, issue_date, location_1, location_2, author_id, owner_id, priority_id, specialization_id, status_id, issue_details) values (46, 1, '2019-07-02 14:56:48', null, '2019-07-18 22:26:30', 'Wing D', 'Room 1', 20, 17, 3, 4, 2, 'Donec dapibus. Duis at velit eu est congue elementum. In hac habitasse platea dictumst.');
insert into tickets (id, biohazard, comp_date, img_url, issue_date, location_1, location_2, author_id, owner_id, priority_id, specialization_id, status_id, issue_details) values (47, 0, '2019-07-15 03:07:42', null, '2019-06-27 16:32:50', 'Wing C', 'Room 2', 11, 4, 2, 1, 2, 'Lorem ipsum dolor sit amet, consectetuer adipiscing elit.');
insert into tickets (id, biohazard, comp_date, img_url, issue_date, location_1, location_2, author_id, owner_id, priority_id, specialization_id, status_id, issue_details) values (48, 1, '2019-07-20 17:34:17', 'http://dummyimage.com/109x166.jpg/cc0000/ffffff', '2019-06-26 23:19:29', 'Wing C', 'Room 2', 5, 20, 2, 1, 3, 'Pellentesque at nulla. Suspendisse potenti. Cras in purus eu magna vulputate luctus. Cum sociis natoque penatibus et magnis dis parturient montes, nascetur ridiculus mus.');
insert into tickets (id, biohazard, comp_date, img_url, issue_date, location_1, location_2, author_id, owner_id, priority_id, specialization_id, status_id, issue_details) values (49, 0, '2019-07-03 01:31:42', null, '2019-06-30 14:32:54', 'Wing A', 'Room 2', 4, 14, 4, 4, 3, 'Integer ac leo. Pellentesque ultrices mattis odio. Donec vitae nisi.');
insert into tickets (id, biohazard, comp_date, img_url, issue_date, location_1, location_2, author_id, owner_id, priority_id, specialization_id, status_id, issue_details) values (50, 0, '2019-07-13 19:54:55', null, '2019-07-21 04:13:10', 'Wing D', 'Room 5', 19, 9, 3, 4, 1, 'Nullam porttitor lacus at turpis. Donec posuere metus vitae ipsum. Aliquam non mauris.');
insert into tickets (id, biohazard, comp_date, img_url, issue_date, location_1, location_2, author_id, owner_id, priority_id, specialization_id, status_id, issue_details) values (51, 0, '2019-07-21 07:56:15', null, '2019-07-16 22:12:40', 'Wing D', 'Room 3', 1, 7, 1, 2, 3, 'Maecenas tristique, est et tempus semper, est quam pharetra magna, ac consequat metus sapien ut nunc. Vestibulum ante ipsum primis in faucibus orci luctus et ultrices posuere cubilia Curae; Mauris viverra diam vitae quam. Suspendisse potenti. Nullam porttitor lacus at turpis.');
insert into tickets (id, biohazard, comp_date, img_url, issue_date, location_1, location_2, author_id, owner_id, priority_id, specialization_id, status_id, issue_details) values (52, 0, '2019-06-30 12:42:56', null, '2019-07-04 21:20:10', 'Wing C', 'Room 6', 14, 3, 1, 5, 1, 'Aenean lectus. Pellentesque eget nunc. Donec quis orci eget orci vehicula condimentum. Curabitur in libero ut massa volutpat convallis. Morbi odio odio, elementum eu, interdum eu, tincidunt in, leo.');
insert into tickets (id, biohazard, comp_date, img_url, issue_date, location_1, location_2, author_id, owner_id, priority_id, specialization_id, status_id, issue_details) values (53, 0, '2019-07-09 09:06:13', null, '2019-07-12 19:43:33', 'Wing A', 'Room 1', 7, 16, 4, 6, 3, 'Aenean fermentum.');
insert into tickets (id, biohazard, comp_date, img_url, issue_date, location_1, location_2, author_id, owner_id, priority_id, specialization_id, status_id, issue_details) values (54, 0, '2019-07-17 01:13:34', null, '2019-07-02 16:03:29', 'Wing A', 'Room 5', 10, 17, 1, 6, 3, 'Morbi odio odio, elementum eu, interdum eu, tincidunt in, leo. Maecenas pulvinar lobortis est. Phasellus sit amet erat. Nulla tempus.');
insert into tickets (id, biohazard, comp_date, img_url, issue_date, location_1, location_2, author_id, owner_id, priority_id, specialization_id, status_id, issue_details) values (55, 0, '2019-07-14 06:55:04', 'http://dummyimage.com/247x172.jpg/5fa2dd/ffffff', '2019-06-25 15:44:23', 'Wing A', 'Room 2', 11, 3, 1, 4, 1, 'Nulla justo. Aliquam quis turpis eget elit sodales scelerisque. Mauris sit amet eros.');
insert into tickets (id, biohazard, comp_date, img_url, issue_date, location_1, location_2, author_id, owner_id, priority_id, specialization_id, status_id, issue_details) values (56, 1, null, null, '2019-07-16 15:25:37', 'Wing B', 'Room 1', 9, 13, 3, 6, 2, 'In congue. Etiam justo. Etiam pretium iaculis justo. In hac habitasse platea dictumst. Etiam faucibus cursus urna.');
insert into tickets (id, biohazard, comp_date, img_url, issue_date, location_1, location_2, author_id, owner_id, priority_id, specialization_id, status_id, issue_details) values (57, 1, '2019-06-25 15:16:41', null, '2019-07-17 07:38:47', 'Wing C', 'Room 2', 17, 8, 3, 1, 3, 'Nulla justo. Aliquam quis turpis eget elit sodales scelerisque.');
insert into tickets (id, biohazard, comp_date, img_url, issue_date, location_1, location_2, author_id, owner_id, priority_id, specialization_id, status_id, issue_details) values (58, 1, '2019-07-13 19:21:13', null, '2019-07-07 01:53:21', 'Wing D', 'Room 3', 2, 6, 1, 4, 2, 'Quisque porta volutpat erat. Quisque erat eros, viverra eget, congue eget, semper rutrum, nulla. Nunc purus. Phasellus in felis.');
insert into tickets (id, biohazard, comp_date, img_url, issue_date, location_1, location_2, author_id, owner_id, priority_id, specialization_id, status_id, issue_details) values (59, 1, '2019-07-22 22:08:38', 'http://dummyimage.com/167x142.jpg/cc0000/ffffff', '2019-07-16 13:49:42', 'Wing D', 'Room 1', 6, 17, 4, 5, 3, 'Donec ut dolor. Morbi vel lectus in quam fringilla rhoncus. Mauris enim leo, rhoncus sed, vestibulum sit amet, cursus id, turpis.');
insert into tickets (id, biohazard, comp_date, img_url, issue_date, location_1, location_2, author_id, owner_id, priority_id, specialization_id, status_id, issue_details) values (60, 0, null, 'http://dummyimage.com/158x112.jpg/dddddd/000000', '2019-07-06 20:41:34', 'Wing D', 'Room 2', 19, 11, 3, 3, 1, 'Pellentesque eget nunc. Donec quis orci eget orci vehicula condimentum. Curabitur in libero ut massa volutpat convallis. Morbi odio odio, elementum eu, interdum eu, tincidunt in, leo.');
insert into tickets (id, biohazard, comp_date, img_url, issue_date, location_1, location_2, author_id, owner_id, priority_id, specialization_id, status_id, issue_details) values (61, 1, null, null, '2019-07-02 22:48:06', 'Wing C', 'Room 1', 5, 16, 2, 5, 1, 'In est risus, auctor sed, tristique in, tempus sit amet, sem. Fusce consequat. Nulla nisl. Nunc nisl.');
insert into tickets (id, biohazard, comp_date, img_url, issue_date, location_1, location_2, author_id, owner_id, priority_id, specialization_id, status_id, issue_details) values (62, 0, '2019-06-29 14:53:55', 'http://dummyimage.com/159x173.jpg/ff4444/ffffff', '2019-07-09 20:43:34', 'Wing D', 'Room 2', 7, 12, 4, 1, 3, 'Vestibulum quam sapien, varius ut, blandit non, interdum in, ante.');
insert into tickets (id, biohazard, comp_date, img_url, issue_date, location_1, location_2, author_id, owner_id, priority_id, specialization_id, status_id, issue_details) values (63, 1, '2019-07-02 03:24:48', 'http://dummyimage.com/237x114.jpg/ff4444/ffffff', '2019-07-21 00:53:41', 'Wing C', 'Room 4', 12, 7, 4, 6, 1, 'Mauris ullamcorper purus sit amet nulla.');
insert into tickets (id, biohazard, comp_date, img_url, issue_date, location_1, location_2, author_id, owner_id, priority_id, specialization_id, status_id, issue_details) values (64, 1, '2019-07-15 00:59:54', null, '2019-07-15 13:28:49', 'Wing C', 'Room 1', 17, 15, 1, 3, 2, 'In hac habitasse platea dictumst. Etiam faucibus cursus urna. Ut tellus. Nulla ut erat id mauris vulputate elementum. Nullam varius.');
insert into tickets (id, biohazard, comp_date, img_url, issue_date, location_1, location_2, author_id, owner_id, priority_id, specialization_id, status_id, issue_details) values (65, 0, '2019-06-26 12:10:46', null, '2019-06-28 10:52:01', 'Wing B', 'Room 6', 7, 12, 3, 6, 3, 'Ut at dolor quis odio consequat varius.');
insert into tickets (id, biohazard, comp_date, img_url, issue_date, location_1, location_2, author_id, owner_id, priority_id, specialization_id, status_id, issue_details) values (66, 1, null, 'http://dummyimage.com/207x109.jpg/ff4444/ffffff', '2019-07-12 15:45:38', 'Wing A', 'Room 3', 17, 4, 1, 5, 2, 'Integer ac leo. Pellentesque ultrices mattis odio. Donec vitae nisi.');
insert into tickets (id, biohazard, comp_date, img_url, issue_date, location_1, location_2, author_id, owner_id, priority_id, specialization_id, status_id, issue_details) values (67, 1, '2019-07-16 18:25:52', null, '2019-07-09 18:30:24', 'Wing A', 'Room 6', 1, 11, 4, 5, 1, 'Pellentesque viverra pede ac diam.');
insert into tickets (id, biohazard, comp_date, img_url, issue_date, location_1, location_2, author_id, owner_id, priority_id, specialization_id, status_id, issue_details) values (68, 0, '2019-07-21 21:59:15', 'http://dummyimage.com/246x240.jpg/cc0000/ffffff', '2019-07-12 15:27:32', 'Wing C', 'Room 3', 9, 11, 2, 1, 3, 'In hac habitasse platea dictumst. Morbi vestibulum, velit id pretium iaculis, diam erat fermentum justo, nec condimentum neque sapien placerat ante. Nulla justo. Aliquam quis turpis eget elit sodales scelerisque.');
insert into tickets (id, biohazard, comp_date, img_url, issue_date, location_1, location_2, author_id, owner_id, priority_id, specialization_id, status_id, issue_details) values (69, 0, '2019-07-08 10:31:34', null, '2019-06-30 13:28:36', 'Wing B', 'Room 1', 4, 10, 2, 4, 3, 'Proin leo odio, porttitor id, consequat in, consequat ut, nulla. Sed accumsan felis. Ut at dolor quis odio consequat varius. Integer ac leo.');
insert into tickets (id, biohazard, comp_date, img_url, issue_date, location_1, location_2, author_id, owner_id, priority_id, specialization_id, status_id, issue_details) values (70, 0, '2019-07-05 07:00:06', null, '2019-07-03 14:02:33', 'Wing A', 'Room 6', 6, 12, 1, 5, 1, 'Aliquam sit amet diam in magna bibendum imperdiet. Nullam orci pede, venenatis non, sodales sed, tincidunt eu, felis. Fusce posuere felis sed lacus. Morbi sem mauris, laoreet ut, rhoncus aliquet, pulvinar sed, nisl. Nunc rhoncus dui vel sem.');
insert into tickets (id, biohazard, comp_date, img_url, issue_date, location_1, location_2, author_id, owner_id, priority_id, specialization_id, status_id, issue_details) values (71, 1, '2019-07-05 21:07:25', 'http://dummyimage.com/249x179.jpg/dddddd/000000', '2019-07-16 05:40:32', 'Wing C', 'Room 2', 6, 7, 1, 4, 2, 'Morbi porttitor lorem id ligula. Suspendisse ornare consequat lectus. In est risus, auctor sed, tristique in, tempus sit amet, sem.');
insert into tickets (id, biohazard, comp_date, img_url, issue_date, location_1, location_2, author_id, owner_id, priority_id, specialization_id, status_id, issue_details) values (72, 0, '2019-06-30 22:18:55', null, '2019-07-05 16:59:27', 'Wing C', 'Room 3', 5, 5, 4, 1, 2, 'Nullam porttitor lacus at turpis. Donec posuere metus vitae ipsum.');
insert into tickets (id, biohazard, comp_date, img_url, issue_date, location_1, location_2, author_id, owner_id, priority_id, specialization_id, status_id, issue_details) values (73, 0, '2019-07-06 23:38:29', null, '2019-07-07 03:24:29', 'Wing B', 'Room 4', 20, 2, 1, 4, 1, 'Nulla mollis molestie lorem.');
insert into tickets (id, biohazard, comp_date, img_url, issue_date, location_1, location_2, author_id, owner_id, priority_id, specialization_id, status_id, issue_details) values (74, 0, '2019-07-14 19:01:54', 'http://dummyimage.com/210x111.jpg/ff4444/ffffff', '2019-07-20 01:32:13', 'Wing A', 'Room 3', 10, 12, 2, 2, 2, 'Aenean fermentum. Donec ut mauris eget massa tempor convallis. Nulla neque libero, convallis eget, eleifend luctus, ultricies eu, nibh. Quisque id justo sit amet sapien dignissim vestibulum. Vestibulum ante ipsum primis in faucibus orci luctus et ultrices posuere cubilia Curae; Nulla dapibus dolor vel est.');
insert into tickets (id, biohazard, comp_date, img_url, issue_date, location_1, location_2, author_id, owner_id, priority_id, specialization_id, status_id, issue_details) values (75, 1, null, null, '2019-07-20 11:19:54', 'Wing B', 'Room 1', 7, 15, 3, 6, 3, 'Donec vitae nisi. Nam ultrices, libero non mattis pulvinar, nulla pede ullamcorper augue, a suscipit nulla elit ac nulla.');
insert into tickets (id, biohazard, comp_date, img_url, issue_date, location_1, location_2, author_id, owner_id, priority_id, specialization_id, status_id, issue_details) values (76, 0, null, null, '2019-07-16 08:40:06', 'Wing D', 'Room 4', 20, 11, 3, 4, 1, 'Fusce posuere felis sed lacus. Morbi sem mauris, laoreet ut, rhoncus aliquet, pulvinar sed, nisl. Nunc rhoncus dui vel sem. Sed sagittis.');
insert into tickets (id, biohazard, comp_date, img_url, issue_date, location_1, location_2, author_id, owner_id, priority_id, specialization_id, status_id, issue_details) values (77, 0, '2019-07-13 16:50:44', null, '2019-06-29 03:40:55', 'Wing C', 'Room 4', 15, 5, 1, 1, 3, 'Morbi a ipsum. Integer a nibh. In quis justo.');
insert into tickets (id, biohazard, comp_date, img_url, issue_date, location_1, location_2, author_id, owner_id, priority_id, specialization_id, status_id, issue_details) values (78, 1, '2019-06-24 15:27:19', 'http://dummyimage.com/104x170.jpg/5fa2dd/ffffff', '2019-06-28 16:53:49', 'Wing C', 'Room 3', 19, 19, 1, 2, 1, 'Fusce lacus purus, aliquet at, feugiat non, pretium quis, lectus.');
insert into tickets (id, biohazard, comp_date, img_url, issue_date, location_1, location_2, author_id, owner_id, priority_id, specialization_id, status_id, issue_details) values (79, 0, '2019-07-05 06:53:36', 'http://dummyimage.com/174x139.jpg/dddddd/000000', '2019-07-12 11:37:11', 'Wing C', 'Room 3', 9, 5, 2, 1, 1, 'Aliquam augue quam, sollicitudin vitae, consectetuer eget, rutrum at, lorem. Integer tincidunt ante vel ipsum. Praesent blandit lacinia erat. Vestibulum sed magna at nunc commodo placerat. Praesent blandit.');
insert into tickets (id, biohazard, comp_date, img_url, issue_date, location_1, location_2, author_id, owner_id, priority_id, specialization_id, status_id, issue_details) values (80, 1, '2019-07-04 15:56:43', null, '2019-07-15 08:18:25', 'Wing D', 'Room 4', 12, 7, 2, 1, 3, 'In eleifend quam a odio. In hac habitasse platea dictumst. Maecenas ut massa quis augue luctus tincidunt.');
insert into tickets (id, biohazard, comp_date, img_url, issue_date, location_1, location_2, author_id, owner_id, priority_id, specialization_id, status_id, issue_details) values (81, 1, '2019-06-30 23:10:43', null, '2019-07-02 16:38:44', 'Wing C', 'Room 1', 5, 15, 3, 3, 2, 'Duis bibendum. Morbi non quam nec dui luctus rutrum. Nulla tellus. In sagittis dui vel nisl. Duis ac nibh.');
insert into tickets (id, biohazard, comp_date, img_url, issue_date, location_1, location_2, author_id, owner_id, priority_id, specialization_id, status_id, issue_details) values (82, 1, '2019-07-16 11:15:47', null, '2019-06-29 23:00:48', 'Wing D', 'Room 2', 13, 9, 3, 2, 2, 'In congue. Etiam justo. Etiam pretium iaculis justo. In hac habitasse platea dictumst. Etiam faucibus cursus urna.');
insert into tickets (id, biohazard, comp_date, img_url, issue_date, location_1, location_2, author_id, owner_id, priority_id, specialization_id, status_id, issue_details) values (83, 0, '2019-07-04 03:38:30', 'http://dummyimage.com/227x178.jpg/dddddd/000000', '2019-07-02 03:23:32', 'Wing B', 'Room 4', 19, 2, 2, 2, 1, 'Phasellus sit amet erat. Nulla tempus.');
insert into tickets (id, biohazard, comp_date, img_url, issue_date, location_1, location_2, author_id, owner_id, priority_id, specialization_id, status_id, issue_details) values (84, 0, '2019-07-08 17:18:12', null, '2019-07-15 17:44:17', 'Wing C', 'Room 5', 14, 3, 3, 6, 3, 'Proin risus.');
insert into tickets (id, biohazard, comp_date, img_url, issue_date, location_1, location_2, author_id, owner_id, priority_id, specialization_id, status_id, issue_details) values (85, 1, '2019-07-13 21:01:45', 'http://dummyimage.com/197x114.jpg/ff4444/ffffff', '2019-07-22 07:15:50', 'Wing B', 'Room 5', 6, 14, 1, 1, 1, 'Aenean sit amet justo. Morbi ut odio. Cras mi pede, malesuada in, imperdiet et, commodo vulputate, justo. In blandit ultrices enim. Lorem ipsum dolor sit amet, consectetuer adipiscing elit.');
insert into tickets (id, biohazard, comp_date, img_url, issue_date, location_1, location_2, author_id, owner_id, priority_id, specialization_id, status_id, issue_details) values (86, 1, '2019-07-18 09:36:16', null, '2019-07-07 12:35:53', 'Wing D', 'Room 3', 10, 1, 4, 2, 3, 'Duis mattis egestas metus. Aenean fermentum. Donec ut mauris eget massa tempor convallis. Nulla neque libero, convallis eget, eleifend luctus, ultricies eu, nibh. Quisque id justo sit amet sapien dignissim vestibulum.');
insert into tickets (id, biohazard, comp_date, img_url, issue_date, location_1, location_2, author_id, owner_id, priority_id, specialization_id, status_id, issue_details) values (87, 1, '2019-07-19 14:33:59', null, '2019-07-15 17:45:53', 'Wing C', 'Room 1', 1, 6, 2, 3, 3, 'Fusce posuere felis sed lacus. Morbi sem mauris, laoreet ut, rhoncus aliquet, pulvinar sed, nisl. Nunc rhoncus dui vel sem.');
insert into tickets (id, biohazard, comp_date, img_url, issue_date, location_1, location_2, author_id, owner_id, priority_id, specialization_id, status_id, issue_details) values (88, 0, '2019-07-19 23:02:32', null, '2019-06-27 04:29:59', 'Wing A', 'Room 2', 13, 14, 1, 4, 2, 'Aliquam non mauris. Morbi non lectus.');
insert into tickets (id, biohazard, comp_date, img_url, issue_date, location_1, location_2, author_id, owner_id, priority_id, specialization_id, status_id, issue_details) values (89, 1, '2019-07-16 09:41:19', null, '2019-06-28 03:46:11', 'Wing D', 'Room 6', 5, 1, 4, 1, 3, 'Aliquam augue quam, sollicitudin vitae, consectetuer eget, rutrum at, lorem. Integer tincidunt ante vel ipsum. Praesent blandit lacinia erat.');
insert into tickets (id, biohazard, comp_date, img_url, issue_date, location_1, location_2, author_id, owner_id, priority_id, specialization_id, status_id, issue_details) values (90, 1, null, null, '2019-07-03 18:37:47', 'Wing C', 'Room 3', 16, 3, 4, 4, 3, 'In hac habitasse platea dictumst. Etiam faucibus cursus urna. Ut tellus. Nulla ut erat id mauris vulputate elementum. Nullam varius.');
insert into tickets (id, biohazard, comp_date, img_url, issue_date, location_1, location_2, author_id, owner_id, priority_id, specialization_id, status_id, issue_details) values (91, 1, null, null, '2019-07-20 06:02:33', 'Wing A', 'Room 5', 20, 8, 2, 2, 2, 'Donec vitae nisi. Nam ultrices, libero non mattis pulvinar, nulla pede ullamcorper augue, a suscipit nulla elit ac nulla. Sed vel enim sit amet nunc viverra dapibus.');
insert into tickets (id, biohazard, comp_date, img_url, issue_date, location_1, location_2, author_id, owner_id, priority_id, specialization_id, status_id, issue_details) values (92, 0, '2019-07-13 11:21:58', 'http://dummyimage.com/137x241.jpg/cc0000/ffffff', '2019-07-04 08:44:21', 'Wing A', 'Room 6', 5, 12, 4, 3, 1, 'Ut at dolor quis odio consequat varius.');
insert into tickets (id, biohazard, comp_date, img_url, issue_date, location_1, location_2, author_id, owner_id, priority_id, specialization_id, status_id, issue_details) values (93, 0, '2019-07-16 03:57:01', null, '2019-07-02 12:34:39', 'Wing C', 'Room 4', 7, 14, 4, 6, 1, 'In eleifend quam a odio. In hac habitasse platea dictumst. Maecenas ut massa quis augue luctus tincidunt. Nulla mollis molestie lorem. Quisque ut erat.');
insert into tickets (id, biohazard, comp_date, img_url, issue_date, location_1, location_2, author_id, owner_id, priority_id, specialization_id, status_id, issue_details) values (94, 1, '2019-06-27 21:07:13', null, '2019-07-21 05:29:03', 'Wing A', 'Room 2', 8, 15, 4, 5, 2, 'Sed sagittis. Nam congue, risus semper porta volutpat, quam pede lobortis ligula, sit amet eleifend pede libero quis orci.');
insert into tickets (id, biohazard, comp_date, img_url, issue_date, location_1, location_2, author_id, owner_id, priority_id, specialization_id, status_id, issue_details) values (95, 1, null, 'http://dummyimage.com/238x193.jpg/5fa2dd/ffffff', '2019-06-28 10:14:34', 'Wing D', 'Room 5', 16, 15, 2, 4, 1, 'In quis justo. Maecenas rhoncus aliquam lacus. Morbi quis tortor id nulla ultrices aliquet. Maecenas leo odio, condimentum id, luctus nec, molestie sed, justo. Pellentesque viverra pede ac diam.');
insert into tickets (id, biohazard, comp_date, img_url, issue_date, location_1, location_2, author_id, owner_id, priority_id, specialization_id, status_id, issue_details) values (96, 0, null, null, '2019-07-04 18:21:54', 'Wing C', 'Room 6', 3, 18, 4, 6, 1, 'Etiam vel augue.');
insert into tickets (id, biohazard, comp_date, img_url, issue_date, location_1, location_2, author_id, owner_id, priority_id, specialization_id, status_id, issue_details) values (97, 1, '2019-07-11 21:27:19', null, '2019-06-28 15:16:08', 'Wing C', 'Room 4', 20, 1, 4, 5, 3, 'Duis bibendum, felis sed interdum venenatis, turpis enim blandit mi, in porttitor pede justo eu massa. Donec dapibus. Duis at velit eu est congue elementum. In hac habitasse platea dictumst.');
insert into tickets (id, biohazard, comp_date, img_url, issue_date, location_1, location_2, author_id, owner_id, priority_id, specialization_id, status_id, issue_details) values (98, 1, '2019-07-11 09:35:32', null, '2019-07-06 06:04:58', 'Wing A', 'Room 1', 17, 8, 3, 6, 1, 'Donec dapibus. Duis at velit eu est congue elementum. In hac habitasse platea dictumst. Morbi vestibulum, velit id pretium iaculis, diam erat fermentum justo, nec condimentum neque sapien placerat ante. Nulla justo.');
insert into tickets (id, biohazard, comp_date, img_url, issue_date, location_1, location_2, author_id, owner_id, priority_id, specialization_id, status_id, issue_details) values (99, 1, '2019-07-02 18:21:27', 'http://dummyimage.com/185x211.jpg/5fa2dd/ffffff', '2019-07-01 09:23:01', 'Wing D', 'Room 5', 19, 13, 3, 5, 1, 'Nulla ut erat id mauris vulputate elementum. Nullam varius.');
insert into tickets (id, biohazard, comp_date, img_url, issue_date, location_1, location_2, author_id, owner_id, priority_id, specialization_id, status_id, issue_details) values (100, 0, null, null, '2019-07-07 05:42:44', 'Wing C', 'Room 6', 10, 15, 1, 3, 2, 'Nulla tellus.');
insert into tickets (id, biohazard, comp_date, img_url, issue_date, location_1, location_2, author_id, owner_id, priority_id, specialization_id, status_id, issue_details) values (101, 0, '2019-06-25 17:26:38', null, '2019-07-12 21:45:38', 'Wing D', 'Room 5', 10, 3, 3, 6, 3, 'Cras mi pede, malesuada in, imperdiet et, commodo vulputate, justo. In blandit ultrices enim. Lorem ipsum dolor sit amet, consectetuer adipiscing elit. Proin interdum mauris non ligula pellentesque ultrices.');
insert into tickets (id, biohazard, comp_date, img_url, issue_date, location_1, location_2, author_id, owner_id, priority_id, specialization_id, status_id, issue_details) values (102, 1, null, null, '2019-07-02 21:54:34', 'Wing C', 'Room 2', 14, 5, 2, 5, 3, 'In est risus, auctor sed, tristique in, tempus sit amet, sem. Fusce consequat. Nulla nisl. Nunc nisl. Duis bibendum, felis sed interdum venenatis, turpis enim blandit mi, in porttitor pede justo eu massa.');
insert into tickets (id, biohazard, comp_date, img_url, issue_date, location_1, location_2, author_id, owner_id, priority_id, specialization_id, status_id, issue_details) values (103, 0, '2019-07-14 13:46:20', 'http://dummyimage.com/248x140.jpg/ff4444/ffffff', '2019-07-11 12:19:59', 'Wing A', 'Room 3', 13, 13, 2, 6, 1, 'Vivamus in felis eu sapien cursus vestibulum.');
insert into tickets (id, biohazard, comp_date, img_url, issue_date, location_1, location_2, author_id, owner_id, priority_id, specialization_id, status_id, issue_details) values (104, 1, '2019-07-16 00:33:38', null, '2019-07-19 20:40:57', 'Wing C', 'Room 4', 6, 6, 2, 5, 3, 'Donec ut dolor. Morbi vel lectus in quam fringilla rhoncus. Mauris enim leo, rhoncus sed, vestibulum sit amet, cursus id, turpis.');
insert into tickets (id, biohazard, comp_date, img_url, issue_date, location_1, location_2, author_id, owner_id, priority_id, specialization_id, status_id, issue_details) values (105, 1, '2019-07-14 06:20:07', null, '2019-07-06 02:12:38', 'Wing A', 'Room 5', 19, 6, 2, 5, 3, 'Praesent blandit. Nam nulla. Integer pede justo, lacinia eget, tincidunt eget, tempus vel, pede.');
insert into tickets (id, biohazard, comp_date, img_url, issue_date, location_1, location_2, author_id, owner_id, priority_id, specialization_id, status_id, issue_details) values (106, 1, '2019-07-14 02:20:28', 'http://dummyimage.com/131x217.jpg/dddddd/000000', '2019-07-15 05:05:07', 'Wing C', 'Room 2', 6, 2, 3, 6, 3, 'Duis consequat dui nec nisi volutpat eleifend. Donec ut dolor. Morbi vel lectus in quam fringilla rhoncus.');
insert into tickets (id, biohazard, comp_date, img_url, issue_date, location_1, location_2, author_id, owner_id, priority_id, specialization_id, status_id, issue_details) values (107, 1, '2019-07-08 02:57:57', 'http://dummyimage.com/159x225.jpg/ff4444/ffffff', '2019-07-21 09:36:24', 'Wing B', 'Room 3', 9, 4, 4, 1, 1, 'Nulla mollis molestie lorem. Quisque ut erat. Curabitur gravida nisi at nibh. In hac habitasse platea dictumst. Aliquam augue quam, sollicitudin vitae, consectetuer eget, rutrum at, lorem.');
insert into tickets (id, biohazard, comp_date, img_url, issue_date, location_1, location_2, author_id, owner_id, priority_id, specialization_id, status_id, issue_details) values (108, 1, '2019-07-10 02:57:06', null, '2019-07-18 23:33:47', 'Wing B', 'Room 6', 20, 1, 4, 1, 3, 'Integer non velit. Donec diam neque, vestibulum eget, vulputate ut, ultrices vel, augue. Vestibulum ante ipsum primis in faucibus orci luctus et ultrices posuere cubilia Curae; Donec pharetra, magna vestibulum aliquet ultrices, erat tortor sollicitudin mi, sit amet lobortis sapien sapien non mi. Integer ac neque. Duis bibendum.');
insert into tickets (id, biohazard, comp_date, img_url, issue_date, location_1, location_2, author_id, owner_id, priority_id, specialization_id, status_id, issue_details) values (109, 0, '2019-06-30 03:18:30', null, '2019-06-28 18:28:41', 'Wing A', 'Room 5', 12, 4, 4, 5, 2, 'Vestibulum ante ipsum primis in faucibus orci luctus et ultrices posuere cubilia Curae; Nulla dapibus dolor vel est. Donec odio justo, sollicitudin ut, suscipit a, feugiat et, eros. Vestibulum ac est lacinia nisi venenatis tristique.');
insert into tickets (id, biohazard, comp_date, img_url, issue_date, location_1, location_2, author_id, owner_id, priority_id, specialization_id, status_id, issue_details) values (110, 0, null, null, '2019-07-09 16:42:04', 'Wing A', 'Room 5', 15, 9, 3, 4, 2, 'Duis consequat dui nec nisi volutpat eleifend. Donec ut dolor. Morbi vel lectus in quam fringilla rhoncus. Mauris enim leo, rhoncus sed, vestibulum sit amet, cursus id, turpis. Integer aliquet, massa id lobortis convallis, tortor risus dapibus augue, vel accumsan tellus nisi eu orci.');
insert into tickets (id, biohazard, comp_date, img_url, issue_date, location_1, location_2, author_id, owner_id, priority_id, specialization_id, status_id, issue_details) values (111, 0, '2019-06-25 01:54:03', 'http://dummyimage.com/111x102.jpg/ff4444/ffffff', '2019-07-20 23:04:31', 'Wing A', 'Room 4', 1, 11, 4, 3, 1, 'Duis at velit eu est congue elementum.');
insert into tickets (id, biohazard, comp_date, img_url, issue_date, location_1, location_2, author_id, owner_id, priority_id, specialization_id, status_id, issue_details) values (112, 0, '2019-07-04 14:04:48', 'http://dummyimage.com/158x155.jpg/dddddd/000000', '2019-07-21 23:00:09', 'Wing B', 'Room 1', 10, 14, 1, 3, 1, 'Cras mi pede, malesuada in, imperdiet et, commodo vulputate, justo. In blandit ultrices enim. Lorem ipsum dolor sit amet, consectetuer adipiscing elit. Proin interdum mauris non ligula pellentesque ultrices. Phasellus id sapien in sapien iaculis congue.');
insert into tickets (id, biohazard, comp_date, img_url, issue_date, location_1, location_2, author_id, owner_id, priority_id, specialization_id, status_id, issue_details) values (113, 0, '2019-07-04 22:27:55', null, '2019-07-03 12:12:52', 'Wing C', 'Room 4', 11, 19, 3, 6, 3, 'Vestibulum ante ipsum primis in faucibus orci luctus et ultrices posuere cubilia Curae; Duis faucibus accumsan odio. Curabitur convallis.');
insert into tickets (id, biohazard, comp_date, img_url, issue_date, location_1, location_2, author_id, owner_id, priority_id, specialization_id, status_id, issue_details) values (114, 1, null, null, '2019-07-05 14:13:07', 'Wing D', 'Room 5', 8, 2, 1, 6, 2, 'Quisque arcu libero, rutrum ac, lobortis vel, dapibus at, diam. Nam tristique tortor eu pede.');
insert into tickets (id, biohazard, comp_date, img_url, issue_date, location_1, location_2, author_id, owner_id, priority_id, specialization_id, status_id, issue_details) values (115, 1, '2019-07-06 21:06:51', null, '2019-07-04 02:38:41', 'Wing D', 'Room 4', 14, 1, 1, 3, 3, 'Lorem ipsum dolor sit amet, consectetuer adipiscing elit. Proin risus. Praesent lectus.');
insert into tickets (id, biohazard, comp_date, img_url, issue_date, location_1, location_2, author_id, owner_id, priority_id, specialization_id, status_id, issue_details) values (116, 0, '2019-07-07 04:37:43', null, '2019-07-19 16:59:12', 'Wing A', 'Room 3', 20, 14, 1, 4, 2, 'Praesent blandit lacinia erat.');
insert into tickets (id, biohazard, comp_date, img_url, issue_date, location_1, location_2, author_id, owner_id, priority_id, specialization_id, status_id, issue_details) values (117, 1, '2019-07-05 00:21:24', null, '2019-06-30 07:12:18', 'Wing A', 'Room 5', 20, 13, 1, 3, 1, 'Pellentesque eget nunc. Donec quis orci eget orci vehicula condimentum. Curabitur in libero ut massa volutpat convallis. Morbi odio odio, elementum eu, interdum eu, tincidunt in, leo. Maecenas pulvinar lobortis est.');
insert into tickets (id, biohazard, comp_date, img_url, issue_date, location_1, location_2, author_id, owner_id, priority_id, specialization_id, status_id, issue_details) values (118, 1, null, null, '2019-07-10 04:37:56', 'Wing D', 'Room 6', 7, 8, 3, 5, 3, 'Maecenas tristique, est et tempus semper, est quam pharetra magna, ac consequat metus sapien ut nunc. Vestibulum ante ipsum primis in faucibus orci luctus et ultrices posuere cubilia Curae; Mauris viverra diam vitae quam. Suspendisse potenti.');
insert into tickets (id, biohazard, comp_date, img_url, issue_date, location_1, location_2, author_id, owner_id, priority_id, specialization_id, status_id, issue_details) values (119, 0, '2019-07-10 04:40:27', null, '2019-07-01 19:43:40', 'Wing A', 'Room 1', 2, 1, 1, 3, 2, 'Aenean auctor gravida sem. Praesent id massa id nisl venenatis lacinia.');
insert into tickets (id, biohazard, comp_date, img_url, issue_date, location_1, location_2, author_id, owner_id, priority_id, specialization_id, status_id, issue_details) values (120, 1, '2019-07-11 08:10:49', 'http://dummyimage.com/236x210.jpg/ff4444/ffffff', '2019-07-20 01:59:58', 'Wing C', 'Room 4', 16, 6, 1, 2, 2, 'Aliquam quis turpis eget elit sodales scelerisque.');


insert into note (id, created, description, ticket_id, user_id) values (1, '2019-05-29 11:16:57', 'Fusce consequat. Nulla nisl. Nunc nisl. Duis bibendum, felis sed interdum venenatis, turpis enim blandit mi, in porttitor pede justo eu massa. Donec dapibus. Duis at velit eu est congue elementum. In hac habitasse platea dictumst. Morbi vestibulum, velit id pretium iaculis, diam erat fermentum justo, nec condimentum neque sapien placerat ante.', 33, 3);
insert into note (id, created, description, ticket_id, user_id) values (2, '2018-12-02 20:03:02', 'Maecenas pulvinar lobortis est. Phasellus sit amet erat. Nulla tempus. Vivamus in felis eu sapien cursus vestibulum. Proin eu mi. Nulla ac enim. In tempor, turpis nec euismod scelerisque, quam turpis adipiscing lorem, vitae mattis nibh ligula nec sem. Duis aliquam convallis nunc. Proin at turpis a pede posuere nonummy.', 26, 19);
insert into note (id, created, description, ticket_id, user_id) values (3, '2018-07-20 00:14:33', 'Nunc purus. Phasellus in felis. Donec semper sapien a libero. Nam dui. Proin leo odio, porttitor id, consequat in, consequat ut, nulla. Sed accumsan felis.', 17, 4);
insert into note (id, created, description, ticket_id, user_id) values (4, '2018-09-12 06:44:55', 'Morbi porttitor lorem id ligula. Suspendisse ornare consequat lectus.', 17, 2);
insert into note (id, created, description, ticket_id, user_id) values (5, '2019-01-26 22:17:27', 'Sed vel enim sit amet nunc viverra dapibus. Nulla suscipit ligula in lacus. Curabitur at ipsum ac tellus semper interdum.', 25, 20);
insert into note (id, created, description, ticket_id, user_id) values (6, '2019-02-22 03:14:09', 'Cras mi pede, malesuada in, imperdiet et, commodo vulputate, justo. In blandit ultrices enim.', 15, 8);
insert into note (id, created, description, ticket_id, user_id) values (7, '2019-03-13 07:01:03', 'Maecenas ut massa quis augue luctus tincidunt. Nulla mollis molestie lorem. Quisque ut erat.', 6, 12);
insert into note (id, created, description, ticket_id, user_id) values (8, '2018-11-10 08:04:27', 'Nulla tellus. In sagittis dui vel nisl. Duis ac nibh.', 33, 13);
insert into note (id, created, description, ticket_id, user_id) values (9, '2018-10-27 19:06:57', 'In quis justo. Maecenas rhoncus aliquam lacus. Morbi quis tortor id nulla ultrices aliquet. Maecenas leo odio, condimentum id, luctus nec, molestie sed, justo.', 24, 11);
insert into note (id, created, description, ticket_id, user_id) values (10, '2019-04-21 15:05:52', 'Integer tincidunt ante vel ipsum. Praesent blandit lacinia erat. Vestibulum sed magna at nunc commodo placerat. Praesent blandit.', 31, 7);
insert into note (id, created, description, ticket_id, user_id) values (11, '2018-07-23 15:49:34', 'Aliquam quis turpis eget elit sodales scelerisque.', 31, 5);
insert into note (id, created, description, ticket_id, user_id) values (12, '2018-11-30 05:43:37', 'Nulla ac enim. In tempor, turpis nec euismod scelerisque, quam turpis adipiscing lorem, vitae mattis nibh ligula nec sem. Duis aliquam convallis nunc. Proin at turpis a pede posuere nonummy. Integer non velit. Donec diam neque, vestibulum eget, vulputate ut, ultrices vel, augue. Vestibulum ante ipsum primis in faucibus orci luctus et ultrices posuere cubilia Curae; Donec pharetra, magna vestibulum aliquet ultrices, erat tortor sollicitudin mi, sit amet lobortis sapien sapien non mi. Integer ac neque.', 21, 13);
insert into note (id, created, description, ticket_id, user_id) values (13, '2018-12-27 16:56:13', 'Vestibulum ac est lacinia nisi venenatis tristique. Fusce congue, diam id ornare imperdiet, sapien urna pretium nisl, ut volutpat sapien arcu sed augue. Aliquam erat volutpat. In congue. Etiam justo. Etiam pretium iaculis justo. In hac habitasse platea dictumst. Etiam faucibus cursus urna.', 13, 6);
insert into note (id, created, description, ticket_id, user_id) values (14, '2019-05-27 11:13:11', 'Sed vel enim sit amet nunc viverra dapibus. Nulla suscipit ligula in lacus.', 15, 14);
insert into note (id, created, description, ticket_id, user_id) values (15, '2019-06-22 07:49:21', 'Aenean auctor gravida sem. Praesent id massa id nisl venenatis lacinia. Aenean sit amet justo. Morbi ut odio. Cras mi pede, malesuada in, imperdiet et, commodo vulputate, justo. In blandit ultrices enim. Lorem ipsum dolor sit amet, consectetuer adipiscing elit. Proin interdum mauris non ligula pellentesque ultrices. Phasellus id sapien in sapien iaculis congue.', 16, 8);
insert into note (id, created, description, ticket_id, user_id) values (16, '2019-02-03 13:30:36', 'Morbi ut odio. Cras mi pede, malesuada in, imperdiet et, commodo vulputate, justo. In blandit ultrices enim. Lorem ipsum dolor sit amet, consectetuer adipiscing elit. Proin interdum mauris non ligula pellentesque ultrices. Phasellus id sapien in sapien iaculis congue. Vivamus metus arcu, adipiscing molestie, hendrerit at, vulputate vitae, nisl.', 34, 12);
insert into note (id, created, description, ticket_id, user_id) values (17, '2018-08-19 23:41:34', 'Vivamus tortor. Duis mattis egestas metus. Aenean fermentum. Donec ut mauris eget massa tempor convallis. Nulla neque libero, convallis eget, eleifend luctus, ultricies eu, nibh. Quisque id justo sit amet sapien dignissim vestibulum. Vestibulum ante ipsum primis in faucibus orci luctus et ultrices posuere cubilia Curae; Nulla dapibus dolor vel est.', 28, 9);
insert into note (id, created, description, ticket_id, user_id) values (18, '2019-04-07 23:02:53', 'Nulla facilisi. Cras non velit nec nisi vulputate nonummy. Maecenas tincidunt lacus at velit.', 23, 1);
insert into note (id, created, description, ticket_id, user_id) values (19, '2018-09-09 12:25:01', 'Morbi odio odio, elementum eu, interdum eu, tincidunt in, leo. Maecenas pulvinar lobortis est.', 21, 18);
insert into note (id, created, description, ticket_id, user_id) values (20, '2019-06-26 15:18:08', 'Proin eu mi. Nulla ac enim. In tempor, turpis nec euismod scelerisque, quam turpis adipiscing lorem, vitae mattis nibh ligula nec sem.', 35, 2);
insert into note (id, created, description, ticket_id, user_id) values (21, '2018-10-25 20:55:03', 'Morbi vel lectus in quam fringilla rhoncus. Mauris enim leo, rhoncus sed, vestibulum sit amet, cursus id, turpis. Integer aliquet, massa id lobortis convallis, tortor risus dapibus augue, vel accumsan tellus nisi eu orci. Mauris lacinia sapien quis libero. Nullam sit amet turpis elementum ligula vehicula consequat.', 35, 5);
insert into note (id, created, description, ticket_id, user_id) values (22, '2019-03-20 02:22:41', 'Suspendisse ornare consequat lectus. In est risus, auctor sed, tristique in, tempus sit amet, sem. Fusce consequat.', 21, 11);
insert into note (id, created, description, ticket_id, user_id) values (23, '2019-01-11 13:30:50', 'Maecenas tincidunt lacus at velit. Vivamus vel nulla eget eros elementum pellentesque.', 3, 3);
insert into note (id, created, description, ticket_id, user_id) values (24, '2018-12-12 09:18:36', 'Integer aliquet, massa id lobortis convallis, tortor risus dapibus augue, vel accumsan tellus nisi eu orci. Mauris lacinia sapien quis libero. Nullam sit amet turpis elementum ligula vehicula consequat. Morbi a ipsum. Integer a nibh. In quis justo. Maecenas rhoncus aliquam lacus. Morbi quis tortor id nulla ultrices aliquet.', 7, 3);
insert into note (id, created, description, ticket_id, user_id) values (25, '2018-09-21 09:16:22', 'In hac habitasse platea dictumst. Maecenas ut massa quis augue luctus tincidunt. Nulla mollis molestie lorem. Quisque ut erat. Curabitur gravida nisi at nibh. In hac habitasse platea dictumst. Aliquam augue quam, sollicitudin vitae, consectetuer eget, rutrum at, lorem. Integer tincidunt ante vel ipsum. Praesent blandit lacinia erat. Vestibulum sed magna at nunc commodo placerat.', 17, 3);
insert into note (id, created, description, ticket_id, user_id) values (26, '2019-06-29 12:20:40', 'Cum sociis natoque penatibus et magnis dis parturient montes, nascetur ridiculus mus.', 25, 10);
insert into note (id, created, description, ticket_id, user_id) values (27, '2019-05-13 20:27:42', 'In hac habitasse platea dictumst. Maecenas ut massa quis augue luctus tincidunt.', 2, 10);
insert into note (id, created, description, ticket_id, user_id) values (28, '2019-03-21 23:37:53', 'Mauris lacinia sapien quis libero. Nullam sit amet turpis elementum ligula vehicula consequat.', 40, 19);
insert into note (id, created, description, ticket_id, user_id) values (29, '2019-05-23 21:29:34', 'Etiam pretium iaculis justo. In hac habitasse platea dictumst. Etiam faucibus cursus urna. Ut tellus. Nulla ut erat id mauris vulputate elementum. Nullam varius. Nulla facilisi. Cras non velit nec nisi vulputate nonummy. Maecenas tincidunt lacus at velit. Vivamus vel nulla eget eros elementum pellentesque.', 22, 6);
insert into note (id, created, description, ticket_id, user_id) values (30, '2018-12-13 20:44:10', 'Sed accumsan felis. Ut at dolor quis odio consequat varius. Integer ac leo. Pellentesque ultrices mattis odio. Donec vitae nisi. Nam ultrices, libero non mattis pulvinar, nulla pede ullamcorper augue, a suscipit nulla elit ac nulla. Sed vel enim sit amet nunc viverra dapibus. Nulla suscipit ligula in lacus. Curabitur at ipsum ac tellus semper interdum.', 5, 7);
insert into note (id, created, description, ticket_id, user_id) values (31, '2019-03-04 20:33:14', 'Aliquam sit amet diam in magna bibendum imperdiet. Nullam orci pede, venenatis non, sodales sed, tincidunt eu, felis. Fusce posuere felis sed lacus. Morbi sem mauris, laoreet ut, rhoncus aliquet, pulvinar sed, nisl. Nunc rhoncus dui vel sem. Sed sagittis. Nam congue, risus semper porta volutpat, quam pede lobortis ligula, sit amet eleifend pede libero quis orci.', 40, 19);
insert into note (id, created, description, ticket_id, user_id) values (32, '2019-03-23 16:26:57', 'Nunc nisl. Duis bibendum, felis sed interdum venenatis, turpis enim blandit mi, in porttitor pede justo eu massa. Donec dapibus. Duis at velit eu est congue elementum. In hac habitasse platea dictumst. Morbi vestibulum, velit id pretium iaculis, diam erat fermentum justo, nec condimentum neque sapien placerat ante. Nulla justo. Aliquam quis turpis eget elit sodales scelerisque.', 5, 7);
insert into note (id, created, description, ticket_id, user_id) values (33, '2018-07-22 06:35:30', 'Sed accumsan felis. Ut at dolor quis odio consequat varius. Integer ac leo. Pellentesque ultrices mattis odio. Donec vitae nisi.', 6, 6);
insert into note (id, created, description, ticket_id, user_id) values (34, '2019-03-21 23:34:02', 'Aliquam augue quam, sollicitudin vitae, consectetuer eget, rutrum at, lorem. Integer tincidunt ante vel ipsum. Praesent blandit lacinia erat. Vestibulum sed magna at nunc commodo placerat. Praesent blandit. Nam nulla. Integer pede justo, lacinia eget, tincidunt eget, tempus vel, pede. Morbi porttitor lorem id ligula. Suspendisse ornare consequat lectus. In est risus, auctor sed, tristique in, tempus sit amet, sem.', 30, 15);
insert into note (id, created, description, ticket_id, user_id) values (35, '2019-05-14 06:30:56', 'Nunc nisl. Duis bibendum, felis sed interdum venenatis, turpis enim blandit mi, in porttitor pede justo eu massa. Donec dapibus.', 32, 1);
insert into note (id, created, description, ticket_id, user_id) values (36, '2019-05-14 15:45:23', 'Lorem ipsum dolor sit amet, consectetuer adipiscing elit. Proin risus. Praesent lectus. Vestibulum quam sapien, varius ut, blandit non, interdum in, ante. Vestibulum ante ipsum primis in faucibus orci luctus et ultrices posuere cubilia Curae; Duis faucibus accumsan odio.', 27, 11);
insert into note (id, created, description, ticket_id, user_id) values (37, '2018-09-29 21:49:45', 'Integer ac neque. Duis bibendum. Morbi non quam nec dui luctus rutrum. Nulla tellus. In sagittis dui vel nisl. Duis ac nibh. Fusce lacus purus, aliquet at, feugiat non, pretium quis, lectus. Suspendisse potenti.', 4, 18);
insert into note (id, created, description, ticket_id, user_id) values (38, '2019-02-19 23:50:21', 'Ut tellus. Nulla ut erat id mauris vulputate elementum. Nullam varius. Nulla facilisi. Cras non velit nec nisi vulputate nonummy. Maecenas tincidunt lacus at velit. Vivamus vel nulla eget eros elementum pellentesque.', 1, 6);
insert into note (id, created, description, ticket_id, user_id) values (39, '2018-08-03 03:48:51', 'Vivamus in felis eu sapien cursus vestibulum. Proin eu mi. Nulla ac enim. In tempor, turpis nec euismod scelerisque, quam turpis adipiscing lorem, vitae mattis nibh ligula nec sem. Duis aliquam convallis nunc. Proin at turpis a pede posuere nonummy.', 33, 11);
insert into note (id, created, description, ticket_id, user_id) values (40, '2019-05-08 21:40:35', 'Suspendisse potenti. In eleifend quam a odio. In hac habitasse platea dictumst.', 12, 6);
