insert into priority (id, name) values (1, 'low');
insert into priority (id, name) values (2, 'medium');
insert into priority (id, name) values (3, 'high');
insert into priority (id, name) values (4, 'urgent');


insert into roles (id, role) values (1, 'admin');
insert into roles (id, role) values (2, 'manager');
insert into roles (id, role) values (3, 'tech');
insert into roles (id, role) values (4, 'employee');
insert into roles (id, role) values (5, 'user');


insert into specialization (id, name) values (1, 'carpenter');
insert into specialization (id, name) values (2, 'electrical');
insert into specialization (id, name) values (3, 'plumbing');
insert into specialization (id, name) values (4, 'hvac');
insert into specialization (id, name) values (5, 'custodian');
insert into specialization (id, name) values (6, 'biohazard');


insert into status (id, status) values (1, 'open');
insert into status (id, status) values (2, 'in progress');
insert into status (id, status) values (3, 'complete');


insert into user (id, first_name, last_name, email, password, username, profile_image, specialization_id, role_id) values (1, 'Layton', 'Courson', 'lcourson0@slashdot.org', 'A762Qu', 'lcourson0', 'http://dummyimage.com/182x220.jpg/5fa2dd/ffffff', 6, 1);
insert into user (id, first_name, last_name, email, password, username, profile_image, specialization_id, role_id) values (2, 'Fifine', 'Bilton', 'fbilton1@opera.com', 'VdXnZ7c7BCW', 'fbilton1', 'http://dummyimage.com/223x186.jpg/5fa2dd/ffffff', 6, 2);
insert into user (id, first_name, last_name, email, password, username, profile_image, specialization_id, role_id) values (3, 'Nadiya', 'Knowles', 'nknowles2@hibu.com', 'rVIwkF9Nji', 'nknowles2', 'http://dummyimage.com/215x229.jpg/dddddd/000000', 3,2);
insert into user (id, first_name, last_name, email, password, username, profile_image, specialization_id, role_id) values (4, 'Hattie', 'Cahill', 'hcahill3@about.me', '5kk0RiL09', 'hcahill3', 'http://dummyimage.com/125x248.jpg/5fa2dd/ffffff', 1,2);
insert into user (id, first_name, last_name, email, password, username, profile_image, specialization_id, role_id) values (5, 'Blanche', 'Cluatt', 'bcluatt4@ox.ac.uk', '5ydmV4', 'bcluatt4', 'http://dummyimage.com/100x175.jpg/ff4444/ffffff', 6,2);
insert into user (id, first_name, last_name, email, password, username, profile_image, specialization_id, role_id) values (6, 'Grier', 'Kidd', 'gkidd5@google.ca', '4Yi2yCIJlnAr', 'gkidd5', 'http://dummyimage.com/183x225.jpg/cc0000/ffffff', 3,3);
insert into user (id, first_name, last_name, email, password, username, profile_image, specialization_id, role_id) values (7, 'Verena', 'Haggerston', 'vhaggerston6@yahoo.co.jp', 'Pc45rVMMg0M2', 'vhaggerston6', 'http://dummyimage.com/156x217.jpg/5fa2dd/ffffff', 5,3);
insert into user (id, first_name, last_name, email, password, username, profile_image, specialization_id, role_id) values (8, 'Tuck', 'Lettington', 'tlettington7@123-reg.co.uk', '5uwCPC9YfPbQ', 'tlettington7', 'http://dummyimage.com/135x143.jpg/ff4444/ffffff', 4,3);
insert into user (id, first_name, last_name, email, password, username, profile_image, specialization_id, role_id) values (9, 'Reinhard', 'Clausson', 'rclausson8@networksolutions.com', 'AG3pwL5nuSM', 'rclausson8', 'http://dummyimage.com/243x149.jpg/dddddd/000000', 4,3);
insert into user (id, first_name, last_name, email, password, username, profile_image, specialization_id, role_id) values (10, 'Melonie', 'Bushill', 'mbushill9@paypal.com', 'Zs3Ljk', 'mbushill9', 'http://dummyimage.com/192x149.jpg/5fa2dd/ffffff', 5,3);
insert into user (id, first_name, last_name, email, password, username, profile_image, specialization_id, role_id) values (11, 'Kimberlyn', 'Barlow', 'kbarlowa@artisteer.com', 'zzurLshfv5lp', 'kbarlowa', 'http://dummyimage.com/200x193.jpg/5fa2dd/ffffff', 2,3);
insert into user (id, first_name, last_name, email, password, username, profile_image, specialization_id, role_id) values (12, 'Mollee', 'O''Shirine', 'moshirineb@mozilla.org', 'kgMoO8iN', 'moshirineb', 'http://dummyimage.com/143x186.jpg/cc0000/ffffff', 5,4);
insert into user (id, first_name, last_name, email, password, username, profile_image, specialization_id, role_id) values (13, 'Wolfgang', 'Scouller', 'wscoullerc@exblog.jp', 'mOrW2FVj', 'wscoullerc', 'http://dummyimage.com/115x196.jpg/dddddd/000000', 1,4);
insert into user (id, first_name, last_name, email, password, username, profile_image, specialization_id, role_id) values (14, 'Tally', 'Morit', 'tmoritd@archive.org', 'Zbpcf4DZs69p', 'tmoritd', 'http://dummyimage.com/165x129.jpg/5fa2dd/ffffff', 4,4);
insert into user (id, first_name, last_name, email, password, username, profile_image, specialization_id, role_id) values (15, 'Zita', 'Rasp', 'zraspe@nih.gov', 'xp0b7PQ', 'zraspe', 'http://dummyimage.com/184x114.jpg/5fa2dd/ffffff', 1,4);
insert into user (id, first_name, last_name, email, password, username, profile_image, specialization_id, role_id) values (16, 'Carly', 'Vokins', 'cvokinsf@ebay.com', 'KbzHc9jF8lBe', 'cvokinsf', 'http://dummyimage.com/130x102.jpg/ff4444 ffffff', 2,4);
insert into user (id, first_name, last_name, email, password, username, profile_image, specialization_id, role_id) values (17, 'Harris', 'Stiger', 'hstigerg@wp.com', 'z3dfYEsV3', 'hstigerg', 'http://dummyimage.com/156x116.jpg/cc0000/ffffff', 3,4);
insert into user (id, first_name, last_name, email, password, username, profile_image, specialization_id, role_id) values (18, 'Stavro', 'Kevlin', 'skevlinh@reddit.com', 'tgsyIAhgM', 'skevlinh', 'http://dummyimage.com/130x193.jpg/5fa2dd/ffffff', 3,4);
insert into user (id, first_name, last_name, email, password, username, profile_image, specialization_id, role_id) values (19, 'Jim', 'Pes', 'jpesi@phpbb.com', 'kn1AjVCttol', 'jpesi', 'http://dummyimage.com/113x122.jpg/5fa2dd/ffffff', 5,4);
insert into user (id, first_name, last_name, email, password, username, profile_image, specialization_id, role_id) values (20, 'Goldarina', 'Rapps', 'grappsj@archive.org', 'fvLadaIsmwEe', 'grappsj', 'http://dummyimage.com/121x181.jpg/5fa2dd/ffffff', 6,4);


insert into tickets (id, biohazard, comp_date, img_url, issue_date, issue_details, location_1, location_2, author_id, owner_id, priority_id, specialization_id, status_id) values (1, 0, '2018-12-21 10:04:25', 'http://dummyimage.com/225x187.jpg/5fa2dd/ffffff', '2018-11-22 04:23:25', 'Aenean lectus. Pellentesque eget nunc. Donec quis orci eget orci vehicula condimentum. Curabitur in libero ut massa volutpat convallis. Morbi odio odio, elementum eu, interdum eu, tincidunt in, leo. Maecenas pulvinar lobortis est. Phasellus sit amet erat. Nulla tempus.', 'Heffernan', '15116', 6, 3, 1, 3, 3);
insert into tickets (id, biohazard, comp_date, img_url, issue_date, issue_details, location_1, location_2, author_id, owner_id, priority_id, specialization_id, status_id) values (2, 0, '2019-01-08 02:41:53', 'http://dummyimage.com/133x184.jpg/dddddd/000000', '2018-08-25 10:47:14', 'Maecenas tincidunt lacus at velit. Vivamus vel nulla eget eros elementum pellentesque.', 'Erie', '6', 16, 9, 2, 1, 3);
insert into tickets (id, biohazard, comp_date, img_url, issue_date, issue_details, location_1, location_2, author_id, owner_id, priority_id, specialization_id, status_id) values (3, 0, '2019-04-03 16:37:51', 'http://dummyimage.com/114x249.jpg/dddddd/000000', '2018-08-03 21:18:32', 'Sed sagittis. Nam congue, risus semper porta volutpat, quam pede lobortis ligula, sit amet eleifend pede libero quis orci. Nullam molestie nibh in lectus. Pellentesque at nulla.', 'Westend', '8376', 16, 7, 4, 2, 1);
insert into tickets (id, biohazard, comp_date, img_url, issue_date, issue_details, location_1, location_2, author_id, owner_id, priority_id, specialization_id, status_id) values (4, 0, '2019-02-27 07:24:09', 'http://dummyimage.com/173x138.jpg/dddddd/000000', '2019-05-14 00:45:35', 'Praesent blandit lacinia erat. Vestibulum sed magna at nunc commodo placerat. Praesent blandit.', 'Glendale', '76010', 14, 5, 1, 1, 3);
insert into tickets (id, biohazard, comp_date, img_url, issue_date, issue_details, location_1, location_2, author_id, owner_id, priority_id, specialization_id, status_id) values (5, 1, '2019-03-14 01:57:15', 'http://dummyimage.com/234x209.jpg/5fa2dd/ffffff', '2019-06-27 17:16:08', 'Vestibulum ante ipsum primis in faucibus orci luctus et ultrices posuere cubilia Curae; Donec pharetra, magna vestibulum aliquet ultrices, erat tortor sollicitudin mi, sit amet lobortis sapien sapien non mi. Integer ac neque. Duis bibendum. Morbi non quam nec dui luctus rutrum. Nulla tellus.', 'Gateway', '34295', 17, 17, 2, 5, 1);
insert into tickets (id, biohazard, comp_date, img_url, issue_date, issue_details, location_1, location_2, author_id, owner_id, priority_id, specialization_id, status_id) values (6, 0, '2019-04-08 19:37:35', 'http://dummyimage.com/223x198.jpg/dddddd/000000', '2019-05-21 09:02:33', 'Nulla ut erat id mauris vulputate elementum. Nullam varius. Nulla facilisi. Cras non velit nec nisi vulputate nonummy. Maecenas tincidunt lacus at velit.', 'Spaight', '2', 7, 1, 4, 5, 3);
insert into tickets (id, biohazard, comp_date, img_url, issue_date, issue_details, location_1, location_2, author_id, owner_id, priority_id, specialization_id, status_id) values (7, 0, '2018-10-16 03:36:23', 'http://dummyimage.com/216x240.jpg/cc0000/ffffff', '2019-06-14 07:28:12', 'Cras pellentesque volutpat dui. Maecenas tristique, est et tempus semper, est quam pharetra magna, ac consequat metus sapien ut nunc.', 'Mandrake', '845', 4, 20, 3, 3, 2);
insert into tickets (id, biohazard, comp_date, img_url, issue_date, issue_details, location_1, location_2, author_id, owner_id, priority_id, specialization_id, status_id) values (8, 0, '2018-11-01 00:22:08', 'http://dummyimage.com/174x208.jpg/5fa2dd/ffffff', '2018-11-13 22:38:14', 'Nulla mollis molestie lorem. Quisque ut erat. Curabitur gravida nisi at nibh. In hac habitasse platea dictumst. Aliquam augue quam, sollicitudin vitae, consectetuer eget, rutrum at, lorem. Integer tincidunt ante vel ipsum. Praesent blandit lacinia erat.', 'Pawling', '25372', 2, 3, 1, 4, 2);
insert into tickets (id, biohazard, comp_date, img_url, issue_date, issue_details, location_1, location_2, author_id, owner_id, priority_id, specialization_id, status_id) values (9, 0, '2019-05-18 14:16:51', 'http://dummyimage.com/129x241.jpg/dddddd/000000', '2018-07-23 11:22:44', 'Cras mi pede, malesuada in, imperdiet et, commodo vulputate, justo. In blandit ultrices enim. Lorem ipsum dolor sit amet, consectetuer adipiscing elit. Proin interdum mauris non ligula pellentesque ultrices. Phasellus id sapien in sapien iaculis congue. Vivamus metus arcu, adipiscing molestie, hendrerit at, vulputate vitae, nisl.', 'Merry', '9', 3, 12, 4, 4, 1);
insert into tickets (id, biohazard, comp_date, img_url, issue_date, issue_details, location_1, location_2, author_id, owner_id, priority_id, specialization_id, status_id) values (10, 0, '2019-02-22 10:57:32', 'http://dummyimage.com/129x191.jpg/ff4444/ffffff', '2018-12-30 06:07:42', 'Cum sociis natoque penatibus et magnis dis parturient montes, nascetur ridiculus mus. Vivamus vestibulum sagittis sapien.', 'Cody', '6579', 4, 10, 2, 3, 1);
insert into tickets (id, biohazard, comp_date, img_url, issue_date, issue_details, location_1, location_2, author_id, owner_id, priority_id, specialization_id, status_id) values (11, 0, '2019-04-02 22:17:03', 'http://dummyimage.com/179x182.jpg/5fa2dd/ffffff', '2019-01-15 20:34:21', 'Morbi odio odio, elementum eu, interdum eu, tincidunt in, leo. Maecenas pulvinar lobortis est. Phasellus sit amet erat. Nulla tempus. Vivamus in felis eu sapien cursus vestibulum.', 'Charing Cross', '37132', 7, 3, 1, 2, 1);
insert into tickets (id, biohazard, comp_date, img_url, issue_date, issue_details, location_1, location_2, author_id, owner_id, priority_id, specialization_id, status_id) values (12, 1, '2019-02-09 01:45:26', 'http://dummyimage.com/102x178.jpg/ff4444/ffffff', '2019-01-06 16:45:34', 'Ut at dolor quis odio consequat varius. Integer ac leo. Pellentesque ultrices mattis odio. Donec vitae nisi. Nam ultrices, libero non mattis pulvinar, nulla pede ullamcorper augue, a suscipit nulla elit ac nulla.', 'Glendale', '4693', 15, 13, 4, 5, 2);
insert into tickets (id, biohazard, comp_date, img_url, issue_date, issue_details, location_1, location_2, author_id, owner_id, priority_id, specialization_id, status_id) values (13, 0, '2018-12-20 08:17:28', 'http://dummyimage.com/137x242.jpg/cc0000/ffffff', '2019-03-24 08:35:51', 'Mauris lacinia sapien quis libero. Nullam sit amet turpis elementum ligula vehicula consequat. Morbi a ipsum. Integer a nibh. In quis justo. Maecenas rhoncus aliquam lacus. Morbi quis tortor id nulla ultrices aliquet. Maecenas leo odio, condimentum id, luctus nec, molestie sed, justo. Pellentesque viverra pede ac diam.', 'Eggendart', '967', 1, 9, 3, 3, 2);
insert into tickets (id, biohazard, comp_date, img_url, issue_date, issue_details, location_1, location_2, author_id, owner_id, priority_id, specialization_id, status_id) values (14, 1, '2019-04-20 14:16:04', 'http://dummyimage.com/245x225.jpg/cc0000/ffffff', '2018-12-17 14:32:52', 'In est risus, auctor sed, tristique in, tempus sit amet, sem. Fusce consequat. Nulla nisl. Nunc nisl. Duis bibendum, felis sed interdum venenatis, turpis enim blandit mi, in porttitor pede justo eu massa.', 'Hazelcrest', '7626', 18, 12, 2, 2, 2);
insert into tickets (id, biohazard, comp_date, img_url, issue_date, issue_details, location_1, location_2, author_id, owner_id, priority_id, specialization_id, status_id) values (15, 1, '2019-03-30 21:34:33', 'http://dummyimage.com/136x128.jpg/cc0000/ffffff', '2018-08-21 06:39:50', 'Nam nulla. Integer pede justo, lacinia eget, tincidunt eget, tempus vel, pede. Morbi porttitor lorem id ligula. Suspendisse ornare consequat lectus. In est risus, auctor sed, tristique in, tempus sit amet, sem. Fusce consequat. Nulla nisl.', 'Karstens', '19905', 8, 1, 2, 2, 1);
insert into tickets (id, biohazard, comp_date, img_url, issue_date, issue_details, location_1, location_2, author_id, owner_id, priority_id, specialization_id, status_id) values (16, 0, '2018-11-20 15:29:41', 'http://dummyimage.com/207x123.jpg/5fa2dd/ffffff', '2018-10-16 04:13:06', 'Vivamus metus arcu, adipiscing molestie, hendrerit at, vulputate vitae, nisl. Aenean lectus. Pellentesque eget nunc. Donec quis orci eget orci vehicula condimentum.', 'Superior', '8', 1, 19, 2, 3, 1);
insert into tickets (id, biohazard, comp_date, img_url, issue_date, issue_details, location_1, location_2, author_id, owner_id, priority_id, specialization_id, status_id) values (17, 0, '2019-01-29 10:09:50', 'http://dummyimage.com/186x207.jpg/dddddd/000000', '2019-07-09 22:46:37', 'Fusce congue, diam id ornare imperdiet, sapien urna pretium nisl, ut volutpat sapien arcu sed augue. Aliquam erat volutpat. In congue. Etiam justo. Etiam pretium iaculis justo. In hac habitasse platea dictumst. Etiam faucibus cursus urna. Ut tellus. Nulla ut erat id mauris vulputate elementum.', 'Arizona', '007', 10, 12, 3, 3, 3);
insert into tickets (id, biohazard, comp_date, img_url, issue_date, issue_details, location_1, location_2, author_id, owner_id, priority_id, specialization_id, status_id) values (18, 0, '2018-09-15 20:47:10', 'http://dummyimage.com/126x245.jpg/cc0000/ffffff', '2018-09-11 09:51:20', 'Mauris lacinia sapien quis libero. Nullam sit amet turpis elementum ligula vehicula consequat. Morbi a ipsum. Integer a nibh. In quis justo. Maecenas rhoncus aliquam lacus. Morbi quis tortor id nulla ultrices aliquet. Maecenas leo odio, condimentum id, luctus nec, molestie sed, justo.', 'Badeau', '70', 6, 2, 2, 5, 3);
insert into tickets (id, biohazard, comp_date, img_url, issue_date, issue_details, location_1, location_2, author_id, owner_id, priority_id, specialization_id, status_id) values (19, 1, '2018-10-25 13:43:45', 'http://dummyimage.com/218x177.jpg/cc0000/ffffff', '2019-04-25 23:13:08', 'Fusce congue, diam id ornare imperdiet, sapien urna pretium nisl, ut volutpat sapien arcu sed augue. Aliquam erat volutpat. In congue. Etiam justo.', 'Forster', '99', 5, 16, 3, 2, 1);
insert into tickets (id, biohazard, comp_date, img_url, issue_date, issue_details, location_1, location_2, author_id, owner_id, priority_id, specialization_id, status_id) values (20, 0, '2018-11-21 03:45:17', 'http://dummyimage.com/148x171.jpg/dddddd/000000', '2019-04-25 23:01:13', 'Aenean sit amet justo. Morbi ut odio. Cras mi pede, malesuada in, imperdiet et, commodo vulputate, justo.', 'Kipling', '3104', 1, 8, 3, 1, 1);
insert into tickets (id, biohazard, comp_date, img_url, issue_date, issue_details, location_1, location_2, author_id, owner_id, priority_id, specialization_id, status_id) values (21, 0, '2019-04-07 13:18:54', 'http://dummyimage.com/196x178.jpg/cc0000/ffffff', '2018-07-18 23:03:04', 'Sed sagittis. Nam congue, risus semper porta volutpat, quam pede lobortis ligula, sit amet eleifend pede libero quis orci. Nullam molestie nibh in lectus. Pellentesque at nulla. Suspendisse potenti. Cras in purus eu magna vulputate luctus. Cum sociis natoque penatibus et magnis dis parturient montes, nascetur ridiculus mus. Vivamus vestibulum sagittis sapien. Cum sociis natoque penatibus et magnis dis parturient montes, nascetur ridiculus mus.', 'Ilene', '69', 1, 14, 4, 5, 1);
insert into tickets (id, biohazard, comp_date, img_url, issue_date, issue_details, location_1, location_2, author_id, owner_id, priority_id, specialization_id, status_id) values (22, 1, '2018-09-20 22:59:13', 'http://dummyimage.com/224x105.jpg/ff4444/ffffff', '2019-02-18 11:00:47', 'Curabitur convallis. Duis consequat dui nec nisi volutpat eleifend. Donec ut dolor. Morbi vel lectus in quam fringilla rhoncus. Mauris enim leo, rhoncus sed, vestibulum sit amet, cursus id, turpis. Integer aliquet, massa id lobortis convallis, tortor risus dapibus augue, vel accumsan tellus nisi eu orci. Mauris lacinia sapien quis libero. Nullam sit amet turpis elementum ligula vehicula consequat.', 'Loomis', '003', 1, 12, 1, 4, 1);
insert into tickets (id, biohazard, comp_date, img_url, issue_date, issue_details, location_1, location_2, author_id, owner_id, priority_id, specialization_id, status_id) values (23, 0, '2019-07-06 15:59:23', 'http://dummyimage.com/149x208.jpg/cc0000/ffffff', '2018-12-26 23:30:38', 'Curabitur convallis.', 'Sutherland', '1742', 4, 9, 2, 5, 3);
insert into tickets (id, biohazard, comp_date, img_url, issue_date, issue_details, location_1, location_2, author_id, owner_id, priority_id, specialization_id, status_id) values (24, 0, '2018-07-31 23:42:10', 'http://dummyimage.com/213x182.jpg/cc0000/ffffff', '2019-02-15 17:40:11', 'Duis aliquam convallis nunc. Proin at turpis a pede posuere nonummy. Integer non velit. Donec diam neque, vestibulum eget, vulputate ut, ultrices vel, augue. Vestibulum ante ipsum primis in faucibus orci luctus et ultrices posuere cubilia Curae; Donec pharetra, magna vestibulum aliquet ultrices, erat tortor sollicitudin mi, sit amet lobortis sapien sapien non mi. Integer ac neque. Duis bibendum.', 'Starling', '115', 19, 3, 4, 5, 1);
insert into tickets (id, biohazard, comp_date, img_url, issue_date, issue_details, location_1, location_2, author_id, owner_id, priority_id, specialization_id, status_id) values (25, 1, '2019-01-23 18:42:14', 'http://dummyimage.com/167x184.jpg/5fa2dd/ffffff', '2018-09-19 16:11:07', 'Fusce lacus purus, aliquet at, feugiat non, pretium quis, lectus. Suspendisse potenti. In eleifend quam a odio. In hac habitasse platea dictumst. Maecenas ut massa quis augue luctus tincidunt. Nulla mollis molestie lorem. Quisque ut erat.', 'Dunning', '2791', 14, 13, 4, 1, 3);
insert into tickets (id, biohazard, comp_date, img_url, issue_date, issue_details, location_1, location_2, author_id, owner_id, priority_id, specialization_id, status_id) values (26, 1, '2019-01-02 12:10:29', 'http://dummyimage.com/109x196.jpg/5fa2dd/ffffff', '2019-05-08 22:18:03', 'Vestibulum rutrum rutrum neque. Aenean auctor gravida sem. Praesent id massa id nisl venenatis lacinia. Aenean sit amet justo. Morbi ut odio. Cras mi pede, malesuada in, imperdiet et, commodo vulputate, justo.', 'Dahle', '7', 1, 19, 2, 2, 2);
insert into tickets (id, biohazard, comp_date, img_url, issue_date, issue_details, location_1, location_2, author_id, owner_id, priority_id, specialization_id, status_id) values (27, 1, '2018-12-08 12:11:48', 'http://dummyimage.com/201x232.jpg/cc0000/ffffff', '2018-09-30 00:20:32', 'Maecenas tincidunt lacus at velit. Vivamus vel nulla eget eros elementum pellentesque. Quisque porta volutpat erat. Quisque erat eros, viverra eget, congue eget, semper rutrum, nulla. Nunc purus. Phasellus in felis. Donec semper sapien a libero. Nam dui.', 'Colorado', '3', 20, 13, 1, 2, 3);
insert into tickets (id, biohazard, comp_date, img_url, issue_date, issue_details, location_1, location_2, author_id, owner_id, priority_id, specialization_id, status_id) values (28, 0, '2019-06-15 08:22:21', 'http://dummyimage.com/113x172.jpg/cc0000/ffffff', '2019-03-30 15:55:28', 'In hac habitasse platea dictumst. Etiam faucibus cursus urna. Ut tellus. Nulla ut erat id mauris vulputate elementum. Nullam varius. Nulla facilisi. Cras non velit nec nisi vulputate nonummy. Maecenas tincidunt lacus at velit. Vivamus vel nulla eget eros elementum pellentesque.', 'Red Cloud', '01701', 18, 7, 2, 3, 2);
insert into tickets (id, biohazard, comp_date, img_url, issue_date, issue_details, location_1, location_2, author_id, owner_id, priority_id, specialization_id, status_id) values (29, 1, '2019-04-22 22:08:08', 'http://dummyimage.com/103x119.jpg/cc0000/ffffff', '2019-01-21 15:51:45', 'Vestibulum ac est lacinia nisi venenatis tristique. Fusce congue, diam id ornare imperdiet, sapien urna pretium nisl, ut volutpat sapien arcu sed augue. Aliquam erat volutpat. In congue. Etiam justo. Etiam pretium iaculis justo. In hac habitasse platea dictumst. Etiam faucibus cursus urna.', 'Saint Paul', '182', 4, 19, 1, 3, 2);
insert into tickets (id, biohazard, comp_date, img_url, issue_date, issue_details, location_1, location_2, author_id, owner_id, priority_id, specialization_id, status_id) values (30, 1, '2018-07-15 20:42:10', 'http://dummyimage.com/239x162.jpg/5fa2dd/ffffff', '2019-07-05 16:20:09', 'Cras non velit nec nisi vulputate nonummy. Maecenas tincidunt lacus at velit. Vivamus vel nulla eget eros elementum pellentesque. Quisque porta volutpat erat. Quisque erat eros, viverra eget, congue eget, semper rutrum, nulla. Nunc purus. Phasellus in felis. Donec semper sapien a libero. Nam dui.', 'Corscot', '788', 10, 4, 3, 1, 2);
insert into tickets (id, biohazard, comp_date, img_url, issue_date, issue_details, location_1, location_2, author_id, owner_id, priority_id, specialization_id, status_id) values (31, 1, '2019-07-06 06:24:25', 'http://dummyimage.com/180x161.jpg/ff4444/ffffff', '2019-04-24 17:13:35', 'Proin eu mi. Nulla ac enim. In tempor, turpis nec euismod scelerisque, quam turpis adipiscing lorem, vitae mattis nibh ligula nec sem. Duis aliquam convallis nunc. Proin at turpis a pede posuere nonummy. Integer non velit. Donec diam neque, vestibulum eget, vulputate ut, ultrices vel, augue.', 'Northwestern', '8563', 2, 7, 2, 1, 2);
insert into tickets (id, biohazard, comp_date, img_url, issue_date, issue_details, location_1, location_2, author_id, owner_id, priority_id, specialization_id, status_id) values (32, 1, '2019-07-09 13:13:41', 'http://dummyimage.com/103x133.jpg/5fa2dd/ffffff', '2019-05-19 12:09:45', 'Morbi quis tortor id nulla ultrices aliquet. Maecenas leo odio, condimentum id, luctus nec, molestie sed, justo. Pellentesque viverra pede ac diam. Cras pellentesque volutpat dui.', 'Di Loreto', '50687', 9, 10, 2, 4, 2);
insert into tickets (id, biohazard, comp_date, img_url, issue_date, issue_details, location_1, location_2, author_id, owner_id, priority_id, specialization_id, status_id) values (33, 1, '2018-12-11 06:31:44', 'http://dummyimage.com/167x125.jpg/5fa2dd/ffffff', '2019-01-04 10:46:32', 'Fusce congue, diam id ornare imperdiet, sapien urna pretium nisl, ut volutpat sapien arcu sed augue. Aliquam erat volutpat.', 'Katie', '79614', 12, 6, 3, 2, 3);
insert into tickets (id, biohazard, comp_date, img_url, issue_date, issue_details, location_1, location_2, author_id, owner_id, priority_id, specialization_id, status_id) values (34, 0, '2019-06-13 01:24:11', 'http://dummyimage.com/112x123.jpg/5fa2dd/ffffff', '2019-06-16 09:23:19', 'Suspendisse accumsan tortor quis turpis. Sed ante. Vivamus tortor. Duis mattis egestas metus. Aenean fermentum. Donec ut mauris eget massa tempor convallis. Nulla neque libero, convallis eget, eleifend luctus, ultricies eu, nibh. Quisque id justo sit amet sapien dignissim vestibulum. Vestibulum ante ipsum primis in faucibus orci luctus et ultrices posuere cubilia Curae; Nulla dapibus dolor vel est. Donec odio justo, sollicitudin ut, suscipit a, feugiat et, eros.', 'Hoffman', '707', 7, 13, 3, 1, 1);
insert into tickets (id, biohazard, comp_date, img_url, issue_date, issue_details, location_1, location_2, author_id, owner_id, priority_id, specialization_id, status_id) values (35, 0, '2018-10-02 09:30:13', 'http://dummyimage.com/127x126.jpg/5fa2dd/ffffff', '2019-02-25 13:38:42', 'Donec ut dolor. Morbi vel lectus in quam fringilla rhoncus. Mauris enim leo, rhoncus sed, vestibulum sit amet, cursus id, turpis. Integer aliquet, massa id lobortis convallis, tortor risus dapibus augue, vel accumsan tellus nisi eu orci. Mauris lacinia sapien quis libero.', 'Butternut', '4', 19, 20, 4, 5, 2);
insert into tickets (id, biohazard, comp_date, img_url, issue_date, issue_details, location_1, location_2, author_id, owner_id, priority_id, specialization_id, status_id) values (36, 0, '2019-01-07 16:00:54', 'http://dummyimage.com/107x197.jpg/dddddd/000000', '2019-07-03 01:06:49', 'Sed accumsan felis. Ut at dolor quis odio consequat varius. Integer ac leo. Pellentesque ultrices mattis odio.', 'Mesta', '20755', 8, 13, 4, 1, 1);
insert into tickets (id, biohazard, comp_date, img_url, issue_date, issue_details, location_1, location_2, author_id, owner_id, priority_id, specialization_id, status_id) values (37, 1, '2018-10-09 10:12:36', 'http://dummyimage.com/233x135.jpg/ff4444/ffffff', '2019-02-06 08:03:45', 'Praesent lectus. Vestibulum quam sapien, varius ut, blandit non, interdum in, ante. Vestibulum ante ipsum primis in faucibus orci luctus et ultrices posuere cubilia Curae; Duis faucibus accumsan odio. Curabitur convallis. Duis consequat dui nec nisi volutpat eleifend. Donec ut dolor. Morbi vel lectus in quam fringilla rhoncus.', 'Grover', '281', 1, 5, 4, 2, 3);
insert into tickets (id, biohazard, comp_date, img_url, issue_date, issue_details, location_1, location_2, author_id, owner_id, priority_id, specialization_id, status_id) values (38, 0, '2019-01-12 16:55:42', 'http://dummyimage.com/205x165.jpg/ff4444/ffffff', '2018-12-22 07:23:49', 'Pellentesque ultrices mattis odio. Donec vitae nisi. Nam ultrices, libero non mattis pulvinar, nulla pede ullamcorper augue, a suscipit nulla elit ac nulla. Sed vel enim sit amet nunc viverra dapibus. Nulla suscipit ligula in lacus. Curabitur at ipsum ac tellus semper interdum. Mauris ullamcorper purus sit amet nulla.', 'Luster', '2439', 14, 19, 1, 3, 2);
insert into tickets (id, biohazard, comp_date, img_url, issue_date, issue_details, location_1, location_2, author_id, owner_id, priority_id, specialization_id, status_id) values (39, 0, '2018-09-02 00:50:01', 'http://dummyimage.com/121x155.jpg/ff4444/ffffff', '2019-04-21 03:00:19', 'Morbi quis tortor id nulla ultrices aliquet. Maecenas leo odio, condimentum id, luctus nec, molestie sed, justo. Pellentesque viverra pede ac diam. Cras pellentesque volutpat dui. Maecenas tristique, est et tempus semper, est quam pharetra magna, ac consequat metus sapien ut nunc. Vestibulum ante ipsum primis in faucibus orci luctus et ultrices posuere cubilia Curae; Mauris viverra diam vitae quam. Suspendisse potenti. Nullam porttitor lacus at turpis. Donec posuere metus vitae ipsum. Aliquam non mauris.', 'Roth', '8142', 10, 9, 1, 2, 1);
insert into tickets (id, biohazard, comp_date, img_url, issue_date, issue_details, location_1, location_2, author_id, owner_id, priority_id, specialization_id, status_id) values (40, 1, '2019-01-21 02:03:15', 'http://dummyimage.com/151x221.jpg/cc0000/ffffff', '2019-06-07 06:43:28', 'Proin risus. Praesent lectus. Vestibulum quam sapien, varius ut, blandit non, interdum in, ante. Vestibulum ante ipsum primis in faucibus orci luctus et ultrices posuere cubilia Curae; Duis faucibus accumsan odio. Curabitur convallis. Duis consequat dui nec nisi volutpat eleifend. Donec ut dolor. Morbi vel lectus in quam fringilla rhoncus. Mauris enim leo, rhoncus sed, vestibulum sit amet, cursus id, turpis.', 'Pearson', '8', 12, 7, 3, 4, 2);


insert into note (id, created, description, ticket_id, user_id) values (1, '2019-05-29 11:16:57', 'Fusce consequat. Nulla nisl. Nunc nisl. Duis bibendum, felis sed interdum venenatis, turpis enim blandit mi, in porttitor pede justo eu massa. Donec dapibus. Duis at velit eu est congue elementum. In hac habitasse platea dictumst. Morbi vestibulum, velit id pretium iaculis, diam erat fermentum justo, nec condimentum neque sapien placerat ante.', 33, 3);
insert into note (id, created, description, ticket_id, user_id) values (2, '2018-12-02 20:03:02', 'Maecenas pulvinar lobortis est. Phasellus sit amet erat. Nulla tempus. Vivamus in felis eu sapien cursus vestibulum. Proin eu mi. Nulla ac enim. In tempor, turpis nec euismod scelerisque, quam turpis adipiscing lorem, vitae mattis nibh ligula nec sem. Duis aliquam convallis nunc. Proin at turpis a pede posuere nonummy.', 26, 19);
insert into note (id, created, description, ticket_id, user_id) values (3, '2018-07-20 00:14:33', 'Nunc purus. Phasellus in felis. Donec semper sapien a libero. Nam dui. Proin leo odio, porttitor id, consequat in, consequat ut, nulla. Sed accumsan felis.', 17, 4);
insert into note (id, created, description, ticket_id, user_id) values (4, '2018-09-12 06:44:55', 'Morbi porttitor lorem id ligula. Suspendisse ornare consequat lectus.', 17, 2);
insert into note (id, created, description, ticket_id, user_id) values (5, '2019-01-26 22:17:27', 'Sed vel enim sit amet nunc viverra dapibus. Nulla suscipit ligula in lacus. Curabitur at ipsum ac tellus semper interdum.', 25, 20);
insert into note (id, created, description, ticket_id, user_id) values (6, '2019-02-22 03:14:09', 'Cras mi pede, malesuada in, imperdiet et, commodo vulputate, justo. In blandit ultrices enim.', 15, 8);
insert into note (id, created, description, ticket_id, user_id) values (7, '2019-03-13 07:01:03', 'Maecenas ut massa quis augue luctus tincidunt. Nulla mollis molestie lorem. Quisque ut erat.', 6, 12);
insert into note (id, created, description, ticket_id, user_id) values (8, '2018-11-10 08:04:27', 'Nulla tellus. In sagittis dui vel nisl. Duis ac nibh.', 33, 13);
insert into note (id, created, description, ticket_id, user_id) values (9, '2018-10-27 19:06:57', 'In quis justo. Maecenas rhoncus aliquam lacus. Morbi quis tortor id nulla ultrices aliquet. Maecenas leo odio, condimentum id, luctus nec, molestie sed, justo.', 24, 11);
insert into note (id, created, description, ticket_id, user_id) values (10, '2019-04-21 15:05:52', 'Integer tincidunt ante vel ipsum. Praesent blandit lacinia erat. Vestibulum sed magna at nunc commodo placerat. Praesent blandit.', 31, 7);
insert into note (id, created, description, ticket_id, user_id) values (11, '2018-07-23 15:49:34', 'Aliquam quis turpis eget elit sodales scelerisque.', 31, 5);
insert into note (id, created, description, ticket_id, user_id) values (12, '2018-11-30 05:43:37', 'Nulla ac enim. In tempor, turpis nec euismod scelerisque, quam turpis adipiscing lorem, vitae mattis nibh ligula nec sem. Duis aliquam convallis nunc. Proin at turpis a pede posuere nonummy. Integer non velit. Donec diam neque, vestibulum eget, vulputate ut, ultrices vel, augue. Vestibulum ante ipsum primis in faucibus orci luctus et ultrices posuere cubilia Curae; Donec pharetra, magna vestibulum aliquet ultrices, erat tortor sollicitudin mi, sit amet lobortis sapien sapien non mi. Integer ac neque.', 21, 13);
insert into note (id, created, description, ticket_id, user_id) values (13, '2018-12-27 16:56:13', 'Vestibulum ac est lacinia nisi venenatis tristique. Fusce congue, diam id ornare imperdiet, sapien urna pretium nisl, ut volutpat sapien arcu sed augue. Aliquam erat volutpat. In congue. Etiam justo. Etiam pretium iaculis justo. In hac habitasse platea dictumst. Etiam faucibus cursus urna.', 13, 6);
insert into note (id, created, description, ticket_id, user_id) values (14, '2019-05-27 11:13:11', 'Sed vel enim sit amet nunc viverra dapibus. Nulla suscipit ligula in lacus.', 15, 14);
insert into note (id, created, description, ticket_id, user_id) values (15, '2019-06-22 07:49:21', 'Aenean auctor gravida sem. Praesent id massa id nisl venenatis lacinia. Aenean sit amet justo. Morbi ut odio. Cras mi pede, malesuada in, imperdiet et, commodo vulputate, justo. In blandit ultrices enim. Lorem ipsum dolor sit amet, consectetuer adipiscing elit. Proin interdum mauris non ligula pellentesque ultrices. Phasellus id sapien in sapien iaculis congue.', 16, 8);
insert into note (id, created, description, ticket_id, user_id) values (16, '2019-02-03 13:30:36', 'Morbi ut odio. Cras mi pede, malesuada in, imperdiet et, commodo vulputate, justo. In blandit ultrices enim. Lorem ipsum dolor sit amet, consectetuer adipiscing elit. Proin interdum mauris non ligula pellentesque ultrices. Phasellus id sapien in sapien iaculis congue. Vivamus metus arcu, adipiscing molestie, hendrerit at, vulputate vitae, nisl.', 34, 12);
insert into note (id, created, description, ticket_id, user_id) values (17, '2018-08-19 23:41:34', 'Vivamus tortor. Duis mattis egestas metus. Aenean fermentum. Donec ut mauris eget massa tempor convallis. Nulla neque libero, convallis eget, eleifend luctus, ultricies eu, nibh. Quisque id justo sit amet sapien dignissim vestibulum. Vestibulum ante ipsum primis in faucibus orci luctus et ultrices posuere cubilia Curae; Nulla dapibus dolor vel est.', 28, 9);
insert into note (id, created, description, ticket_id, user_id) values (18, '2019-04-07 23:02:53', 'Nulla facilisi. Cras non velit nec nisi vulputate nonummy. Maecenas tincidunt lacus at velit.', 23, 1);
insert into note (id, created, description, ticket_id, user_id) values (19, '2018-09-09 12:25:01', 'Morbi odio odio, elementum eu, interdum eu, tincidunt in, leo. Maecenas pulvinar lobortis est.', 21, 18);
insert into note (id, created, description, ticket_id, user_id) values (20, '2019-06-26 15:18:08', 'Proin eu mi. Nulla ac enim. In tempor, turpis nec euismod scelerisque, quam turpis adipiscing lorem, vitae mattis nibh ligula nec sem.', 35, 2);
insert into note (id, created, description, ticket_id, user_id) values (21, '2018-10-25 20:55:03', 'Morbi vel lectus in quam fringilla rhoncus. Mauris enim leo, rhoncus sed, vestibulum sit amet, cursus id, turpis. Integer aliquet, massa id lobortis convallis, tortor risus dapibus augue, vel accumsan tellus nisi eu orci. Mauris lacinia sapien quis libero. Nullam sit amet turpis elementum ligula vehicula consequat.', 35, 5);
insert into note (id, created, description, ticket_id, user_id) values (22, '2019-03-20 02:22:41', 'Suspendisse ornare consequat lectus. In est risus, auctor sed, tristique in, tempus sit amet, sem. Fusce consequat.', 21, 11);
insert into note (id, created, description, ticket_id, user_id) values (23, '2019-01-11 13:30:50', 'Maecenas tincidunt lacus at velit. Vivamus vel nulla eget eros elementum pellentesque.', 3, 3);
insert into note (id, created, description, ticket_id, user_id) values (24, '2018-12-12 09:18:36', 'Integer aliquet, massa id lobortis convallis, tortor risus dapibus augue, vel accumsan tellus nisi eu orci. Mauris lacinia sapien quis libero. Nullam sit amet turpis elementum ligula vehicula consequat. Morbi a ipsum. Integer a nibh. In quis justo. Maecenas rhoncus aliquam lacus. Morbi quis tortor id nulla ultrices aliquet.', 7, 3);
insert into note (id, created, description, ticket_id, user_id) values (25, '2018-09-21 09:16:22', 'In hac habitasse platea dictumst. Maecenas ut massa quis augue luctus tincidunt. Nulla mollis molestie lorem. Quisque ut erat. Curabitur gravida nisi at nibh. In hac habitasse platea dictumst. Aliquam augue quam, sollicitudin vitae, consectetuer eget, rutrum at, lorem. Integer tincidunt ante vel ipsum. Praesent blandit lacinia erat. Vestibulum sed magna at nunc commodo placerat.', 17, 3);
insert into note (id, created, description, ticket_id, user_id) values (26, '2019-06-29 12:20:40', 'Cum sociis natoque penatibus et magnis dis parturient montes, nascetur ridiculus mus.', 25, 10);
insert into note (id, created, description, ticket_id, user_id) values (27, '2019-05-13 20:27:42', 'In hac habitasse platea dictumst. Maecenas ut massa quis augue luctus tincidunt.', 2, 10);
insert into note (id, created, description, ticket_id, user_id) values (28, '2019-03-21 23:37:53', 'Mauris lacinia sapien quis libero. Nullam sit amet turpis elementum ligula vehicula consequat.', 40, 19);
insert into note (id, created, description, ticket_id, user_id) values (29, '2019-05-23 21:29:34', 'Etiam pretium iaculis justo. In hac habitasse platea dictumst. Etiam faucibus cursus urna. Ut tellus. Nulla ut erat id mauris vulputate elementum. Nullam varius. Nulla facilisi. Cras non velit nec nisi vulputate nonummy. Maecenas tincidunt lacus at velit. Vivamus vel nulla eget eros elementum pellentesque.', 22, 6);
insert into note (id, created, description, ticket_id, user_id) values (30, '2018-12-13 20:44:10', 'Sed accumsan felis. Ut at dolor quis odio consequat varius. Integer ac leo. Pellentesque ultrices mattis odio. Donec vitae nisi. Nam ultrices, libero non mattis pulvinar, nulla pede ullamcorper augue, a suscipit nulla elit ac nulla. Sed vel enim sit amet nunc viverra dapibus. Nulla suscipit ligula in lacus. Curabitur at ipsum ac tellus semper interdum.', 5, 7);
insert into note (id, created, description, ticket_id, user_id) values (31, '2019-03-04 20:33:14', 'Aliquam sit amet diam in magna bibendum imperdiet. Nullam orci pede, venenatis non, sodales sed, tincidunt eu, felis. Fusce posuere felis sed lacus. Morbi sem mauris, laoreet ut, rhoncus aliquet, pulvinar sed, nisl. Nunc rhoncus dui vel sem. Sed sagittis. Nam congue, risus semper porta volutpat, quam pede lobortis ligula, sit amet eleifend pede libero quis orci.', 40, 19);
insert into note (id, created, description, ticket_id, user_id) values (32, '2019-03-23 16:26:57', 'Nunc nisl. Duis bibendum, felis sed interdum venenatis, turpis enim blandit mi, in porttitor pede justo eu massa. Donec dapibus. Duis at velit eu est congue elementum. In hac habitasse platea dictumst. Morbi vestibulum, velit id pretium iaculis, diam erat fermentum justo, nec condimentum neque sapien placerat ante. Nulla justo. Aliquam quis turpis eget elit sodales scelerisque.', 5, 7);
insert into note (id, created, description, ticket_id, user_id) values (33, '2018-07-22 06:35:30', 'Sed accumsan felis. Ut at dolor quis odio consequat varius. Integer ac leo. Pellentesque ultrices mattis odio. Donec vitae nisi.', 6, 6);
insert into note (id, created, description, ticket_id, user_id) values (34, '2019-03-21 23:34:02', 'Aliquam augue quam, sollicitudin vitae, consectetuer eget, rutrum at, lorem. Integer tincidunt ante vel ipsum. Praesent blandit lacinia erat. Vestibulum sed magna at nunc commodo placerat. Praesent blandit. Nam nulla. Integer pede justo, lacinia eget, tincidunt eget, tempus vel, pede. Morbi porttitor lorem id ligula. Suspendisse ornare consequat lectus. In est risus, auctor sed, tristique in, tempus sit amet, sem.', 30, 15);
insert into note (id, created, description, ticket_id, user_id) values (35, '2019-05-14 06:30:56', 'Nunc nisl. Duis bibendum, felis sed interdum venenatis, turpis enim blandit mi, in porttitor pede justo eu massa. Donec dapibus.', 32, 1);
insert into note (id, created, description, ticket_id, user_id) values (36, '2019-05-14 15:45:23', 'Lorem ipsum dolor sit amet, consectetuer adipiscing elit. Proin risus. Praesent lectus. Vestibulum quam sapien, varius ut, blandit non, interdum in, ante. Vestibulum ante ipsum primis in faucibus orci luctus et ultrices posuere cubilia Curae; Duis faucibus accumsan odio.', 27, 11);
insert into note (id, created, description, ticket_id, user_id) values (37, '2018-09-29 21:49:45', 'Integer ac neque. Duis bibendum. Morbi non quam nec dui luctus rutrum. Nulla tellus. In sagittis dui vel nisl. Duis ac nibh. Fusce lacus purus, aliquet at, feugiat non, pretium quis, lectus. Suspendisse potenti.', 4, 18);
insert into note (id, created, description, ticket_id, user_id) values (38, '2019-02-19 23:50:21', 'Ut tellus. Nulla ut erat id mauris vulputate elementum. Nullam varius. Nulla facilisi. Cras non velit nec nisi vulputate nonummy. Maecenas tincidunt lacus at velit. Vivamus vel nulla eget eros elementum pellentesque.', 1, 6);
insert into note (id, created, description, ticket_id, user_id) values (39, '2018-08-03 03:48:51', 'Vivamus in felis eu sapien cursus vestibulum. Proin eu mi. Nulla ac enim. In tempor, turpis nec euismod scelerisque, quam turpis adipiscing lorem, vitae mattis nibh ligula nec sem. Duis aliquam convallis nunc. Proin at turpis a pede posuere nonummy.', 33, 11);
insert into note (id, created, description, ticket_id, user_id) values (40, '2019-05-08 21:40:35', 'Suspendisse potenti. In eleifend quam a odio. In hac habitasse platea dictumst.', 12, 6);
